x_tm35fin,y_tm35fin,height_m,matched_truth,is_true_positive
365243.754,6689797.582,35.14809036254883,-1,True
365281.754,6689797.582,28.843441009521484,-1,True
365303.754,6689796.582,35.049827575683594,-1,True
365548.754,6689792.582,24.722213745117188,-1,True
365411.754,6689791.582,26.947891235351562,-1,True
365509.754,6689791.582,24.161691665649414,-1,True
365359.754,6689790.582,27.664714813232422,-1,True
365421.754,6689790.582,15.719182014465332,-1,True
365228.754,6689788.582,29.940837860107422,-1,True
365383.754,6689788.582,34.64254379272461,-1,True
365524.754,6689787.582,35.18581008911133,-1,True
365354.754,6689784.582,25.023181915283203,-1,True
365464.754,6689783.582,27.951955795288086,-1,True
365213.754,6689782.582,28.007719039916992,-1,True
365507.754,6689782.582,17.09054183959961,-1,True
365553.754,6689782.582,24.38872528076172,-1,True
365452.754,6689781.582,28.77142333984375,-1,True
365221.754,6689779.582,20.482181549072266,-1,True
365309.754,6689779.582,28.207258224487305,-1,True
365420.754,6689779.582,18.107072830200195,-1,True
365446.754,6689778.582,23.359739303588867,-1,True
365324.754,6689777.582,26.415302276611328,-1,True
365255.754,6689775.582,29.951725006103516,-1,True
365335.754,6689769.582,35.56070327758789,-1,True
365483.754,6689767.582,26.087520599365234,-1,True
365232.754,6689766.582,30.224903106689453,-1,True
365244.754,6689763.582,30.03854751586914,-1,True
365388.754,6689760.582,35.71128463745117,-1,True
365408.754,6689760.582,25.161975860595703,-1,True
365249.754,6689757.582,28.48607063293457,-1,True
365554.754,6689756.582,23.832250595092773,-1,True
365359.754,6689755.582,35.516727447509766,-1,True
365434.754,6689755.582,29.96227264404297,-1,True
365254.754,6689754.582,28.323781967163086,-1,True
365221.754,6689752.582,28.105634689331055,-1,True
365489.754,6689752.582,23.07657241821289,-1,True
365465.754,6689748.582,30.06749725341797,-1,True
365407.754,6689747.582,33.574302673339844,-1,True
365437.754,6689746.582,20.98923110961914,-1,True
365422.754,6689744.582,33.93122100830078,-1,True
365227.754,6689741.582,35.69803237915039,-1,True
365527.754,6689741.582,30.049474716186523,-1,True
365448.754,6689740.582,35.23330307006836,-1,True
365491.754,6689740.582,28.14215660095215,-1,True
365397.754,6689735.582,17.527149200439453,-1,True
365459.754,6689734.582,35.21463394165039,-1,True
365213.754,6689733.582,26.539644241333008,-1,True
365229.754,6689732.582,23.866085052490234,-1,True
365202.754,6689731.582,28.921892166137695,-1,True
365238.754,6689729.582,19.242456436157227,-1,True
365373.754,6689726.582,34.81067657470703,-1,True
365435.754,6689724.582,35.780460357666016,-1,True
365574.754,6689723.582,30.0058650970459,-1,True
365381.754,6689722.582,35.558963775634766,-1,True
365225.754,6689720.582,30.039243698120117,-1,True
365424.754,6689716.582,20.675857543945312,-1,True
365530.754,6689716.582,34.884239196777344,-1,True
365537.754,6689716.582,22.66855239868164,-1,True
365242.754,6689715.582,27.75613021850586,-1,True
365414.754,6689712.582,24.244853973388672,-1,True
365555.754,6689712.582,27.27387237548828,-1,True
365469.754,6689711.582,23.18195152282715,-1,True
365547.754,6689707.582,25.40412712097168,-1,True
365539.754,6689702.582,35.10593795776367,-1,True
365561.754,6689701.582,26.145458221435547,-1,True
365365.754,6689700.582,34.710269927978516,-1,True
365524.754,6689700.582,20.87146759033203,-1,True
365416.754,6689699.582,35.76148223876953,-1,True
365589.754,6689699.582,28.103023529052734,-1,True
365531.754,6689697.582,21.450347900390625,-1,True
365435.754,6689693.582,30.087461471557617,-1,True
365236.754,6689692.582,30.160524368286133,-1,True
365580.754,6689687.582,35.854488372802734,-1,True
365239.754,6689686.582,30.37099266052246,-1,True
365204.754,6689685.582,27.74288558959961,-1,True
365466.754,6689684.582,17.91373062133789,-1,True
365258.754,6689683.582,18.072463989257812,-1,True
365375.754,6689683.582,25.20669174194336,-1,True
365227.754,6689682.582,21.253877639770508,-1,True
365420.754,6689678.582,24.516252517700195,-1,True
365235.754,6689675.582,30.90015411376953,-1,True
365591.754,6689675.582,16.805824279785156,-1,True
365554.754,6689674.582,35.84303665161133,-1,True
365370.754,6689673.582,35.57282257080078,-1,True
365205.754,6689671.582,25.387203216552734,-1,True
365349.754,6689671.582,24.674251556396484,-1,True
365269.754,6689670.582,30.20911979675293,-1,True
365226.754,6689667.582,19.457035064697266,-1,True
365383.754,6689667.582,30.004236221313477,-1,True
365473.754,6689667.582,30.11906623840332,-1,True
365581.754,6689665.582,25.374330520629883,-1,True
365373.754,6689664.582,35.56499481201172,-1,True
365246.754,6689663.582,25.21424674987793,-1,True
365334.754,6689663.582,25.224300384521484,-1,True
365400.754,6689663.582,30.06747817993164,-1,True
365594.754,6689663.582,30.19540786743164,-1,True
365315.754,6689661.582,30.050485610961914,-1,True
365546.754,6689661.582,35.28343200683594,-1,True
365271.754,6689660.582,21.905296325683594,-1,True
365306.754,6689655.582,31.424747467041016,-1,True
365284.754,6689652.582,19.89596176147461,-1,True
365420.754,6689651.582,24.608190536499023,-1,True
365527.754,6689651.582,27.870018005371094,-1,True
365592.754,6689650.582,30.1230525970459,-1,True
365308.754,6689649.582,26.60130500793457,-1,True
365481.754,6689648.582,10.499759674072266,-1,False
365537.754,6689648.582,29.971515655517578,-1,True
365210.754,6689647.582,19.17755889892578,-1,True
365548.754,6689647.582,27.56846809387207,-1,True
365389.754,6689646.582,27.497920989990234,-1,True
365350.754,6689644.582,27.958494186401367,-1,True
365236.754,6689643.582,29.927085876464844,-1,True
365423.754,6689643.582,35.53391647338867,-1,True
365288.754,6689641.582,29.829360961914062,-1,True
365335.754,6689641.582,32.642784118652344,-1,True
365202.754,6689639.582,24.796035766601562,-1,True
365361.754,6689639.582,23.784120559692383,-1,True
365369.754,6689639.582,26.305038452148438,-1,True
365418.754,6689637.582,36.09895324707031,-1,True
365383.754,6689636.582,25.767637252807617,-1,True
365302.754,6689635.582,26.463220596313477,-1,True
365530.754,6689633.582,25.838043212890625,-1,True
365589.754,6689633.582,35.89631652832031,-1,True
365206.754,6689632.582,35.33035659790039,-1,True
365277.754,6689632.582,35.7042350769043,-1,True
365349.754,6689632.582,29.967132568359375,-1,True
365575.754,6689632.582,28.02861976623535,-1,True
365323.754,6689631.582,28.35296058654785,-1,True
365361.754,6689631.582,34.85869598388672,-1,True
365377.754,6689629.582,27.342655181884766,-1,True
365402.754,6689626.582,29.425003051757812,-1,True
365299.754,6689625.582,27.88328742980957,-1,True
365262.754,6689623.582,30.31912612915039,-1,True
365474.754,6689623.582,21.067502975463867,-1,True
365563.754,6689622.582,28.930526733398438,-1,True
365586.754,6689622.582,29.958547592163086,-1,True
365214.754,6689621.582,16.107751846313477,-1,True
365337.754,6689621.582,35.80913162231445,-1,True
365491.754,6689621.582,22.38694953918457,-1,True
365399.754,6689618.582,29.689908981323242,-1,True
365484.754,6689618.582,25.295024871826172,-1,True
365346.754,6689617.582,35.268428802490234,-1,True
365394.754,6689615.582,29.37350082397461,-1,True
365337.754,6689611.582,27.570358276367188,-1,True
365261.754,6689609.582,30.03414535522461,-1,True
365362.754,6689609.582,17.60422134399414,-1,True
365220.754,6689608.582,30.1035213470459,-1,True
365251.754,6689608.582,19.734027862548828,-1,True
365503.754,6689607.582,30.12557029724121,-1,True
365325.754,6689605.582,25.521846771240234,-1,True
365591.754,6689604.582,35.331233978271484,-1,True
365310.754,6689603.582,35.1622428894043,-1,True
365396.754,6689600.582,23.770315170288086,-1,True
365213.754,6689599.582,26.361385345458984,-1,True
365299.754,6689597.582,21.47796058654785,-1,True
365318.754,6689597.582,35.514774322509766,-1,True
365225.754,6689594.582,17.199546813964844,-1,True
365562.754,6689594.582,15.878992080688477,-1,True
365474.754,6689593.582,22.08982276916504,-1,True
365270.754,6689591.582,25.799039840698242,-1,True
365337.754,6689591.582,21.934770584106445,-1,True
365525.754,6689591.582,27.603723526000977,-1,True
365543.754,6689590.582,28.94922637939453,-1,True
365250.754,6689589.582,13.585502624511719,-1,False
365357.754,6689589.582,35.48170852661133,-1,True
365216.754,6689588.582,34.96673583984375,-1,True
365542.754,6689585.582,28.9814510345459,-1,True
365305.754,6689583.582,19.003395080566406,-1,True
365550.754,6689581.582,30.34581184387207,-1,True
365584.754,6689578.582,27.89143943786621,-1,True
365496.754,6689577.582,27.47121238708496,-1,True
365594.754,6689577.582,35.37068176269531,-1,True
365240.754,6689575.582,19.73601722717285,-1,True
365296.754,6689574.582,24.56909942626953,-1,True
365515.754,6689574.582,27.269359588623047,-1,True
365306.754,6689573.582,29.94669532775879,-1,True
365414.754,6689573.582,22.963125228881836,-1,True
365291.754,6689572.582,24.380422592163086,-1,True
365328.754,6689572.582,24.653156280517578,-1,True
365574.754,6689571.582,23.586145401000977,-1,True
365542.754,6689569.582,28.009967803955078,-1,True
365462.754,6689568.582,26.697105407714844,-1,True
365493.754,6689568.582,34.71734619140625,-1,True
365281.754,6689567.582,22.20128631591797,-1,True
365381.754,6689567.582,32.85379409790039,-1,True
365528.754,6689566.582,28.11136817932129,-1,True
365332.754,6689565.582,31.759912490844727,-1,True
365514.754,6689565.582,26.18456268310547,-1,True
365251.754,6689562.582,35.49807357788086,-1,True
365240.754,6689561.582,27.629648208618164,-1,True
365494.754,6689561.582,35.15847396850586,-1,True
365475.754,6689560.582,35.51895523071289,-1,True
365506.754,6689560.582,25.541961669921875,-1,True
365369.754,6689559.582,20.740875244140625,-1,True
365413.754,6689558.582,22.113555908203125,-1,True
365515.754,6689558.582,31.806468963623047,-1,True
365277.754,6689556.582,24.160343170166016,-1,True
365286.754,6689556.582,25.512481689453125,-1,True
365465.754,6689556.582,22.705400466918945,-1,True
365269.754,6689555.582,25.053613662719727,-1,True
365497.754,6689553.582,29.557600021362305,-1,True
365518.754,6689552.582,29.598133087158203,-1,True
365216.754,6689551.582,35.88877868652344,-1,True
365534.754,6689551.582,21.888940811157227,-1,True
365594.754,6689551.582,30.1760196685791,-1,True
365246.754,6689550.582,30.13243293762207,-1,True
365425.754,6689550.582,27.81369972229004,-1,True
365586.754,6689550.582,32.70659255981445,-1,True
365351.754,6689549.582,20.388385772705078,-1,True
365550.754,6689549.582,25.080669403076172,-1,True
365563.754,6689549.582,35.02883529663086,-1,True
365229.754,6689548.582,35.037818908691406,-1,True
365513.754,6689547.582,29.847196578979492,-1,True
365327.754,6689546.582,30.02365493774414,-1,True
365280.754,6689544.582,35.052146911621094,-1,True
365218.754,6689543.582,27.52495574951172,-1,True
365478.754,6689543.582,30.04557228088379,-1,True
365596.754,6689542.582,35.56902313232422,-1,True
365313.754,6689541.582,35.46213150024414,-1,True
365551.754,6689541.582,35.848140716552734,-1,True
365504.754,6689539.582,30.14810562133789,-1,True
365266.754,6689538.582,19.563451766967773,-1,True
365464.754,6689538.582,20.92623519897461,-1,True
365296.754,6689535.582,27.439361572265625,-1,True
365236.754,6689532.582,20.737560272216797,-1,True
365345.754,6689532.582,27.399263381958008,-1,True
365388.754,6689532.582,30.9476261138916,-1,True
365256.754,6689531.582,19.033588409423828,-1,True
365308.754,6689528.582,25.866304397583008,-1,True
365320.754,6689527.582,18.004398345947266,-1,True
365530.754,6689525.582,22.290489196777344,-1,True
365443.754,6689524.582,19.708221435546875,-1,True
365267.754,6689522.582,17.75106430053711,-1,True
365474.754,6689522.582,35.022438049316406,-1,True
365520.754,6689519.582,30.096328735351562,-1,True
365561.754,6689518.582,35.542945861816406,-1,True
365238.754,6689517.582,24.30181884765625,-1,True
365432.754,6689517.582,27.76992416381836,-1,True
365490.754,6689516.582,35.860557556152344,-1,True
365505.754,6689515.582,30.806438446044922,-1,True
365225.754,6689512.582,31.509353637695312,-1,True
365518.754,6689511.582,35.511844635009766,-1,True
365334.754,6689510.582,17.615428924560547,-1,True
365472.754,6689510.582,35.21818923950195,-1,True
365532.754,6689509.582,26.73148536682129,-1,True
365343.754,6689507.582,35.42104721069336,-1,True
365257.754,6689506.582,25.378963470458984,-1,True
365217.754,6689505.582,30.860151290893555,-1,True
365356.754,6689505.582,25.90889549255371,-1,True
365542.754,6689505.582,27.518718719482422,-1,True
365437.754,6689504.582,8.979937553405762,-1,False
365400.754,6689501.582,30.25078773498535,-1,True
365479.754,6689501.582,23.925678253173828,-1,True
365301.754,6689498.582,27.729692459106445,-1,True
365274.754,6689497.582,19.999691009521484,-1,True
365331.754,6689495.582,25.371868133544922,-1,True
365518.754,6689495.582,6.868224620819092,-1,False
365203.754,6689492.582,24.981956481933594,-1,True
365247.754,6689490.582,30.206783294677734,-1,True
365319.754,6689489.582,22.138517379760742,-1,True
365403.754,6689489.582,27.075939178466797,-1,True
365457.754,6689489.582,18.737138748168945,-1,True
365534.754,6689488.582,31.23573112487793,-1,True
365212.754,6689487.582,31.742944717407227,-1,True
365508.754,6689487.582,35.084224700927734,-1,True
365543.754,6689487.582,34.58382034301758,-1,True
365203.754,6689484.582,35.45720672607422,-1,True
365320.754,6689484.582,22.793516159057617,-1,True
365291.754,6689483.582,35.4599494934082,-1,True
365470.754,6689481.582,14.445624351501465,-1,True
365553.754,6689481.582,30.38924217224121,-1,True
365225.754,6689478.582,35.45393753051758,-1,True
365504.754,6689478.582,35.51182174682617,-1,True
365591.754,6689478.582,33.74986267089844,-1,True
365218.754,6689477.582,35.600833892822266,-1,True
365399.754,6689476.582,27.763465881347656,-1,True
365232.754,6689474.582,25.251005172729492,-1,True
365262.754,6689472.582,34.866939544677734,-1,True
365535.754,6689472.582,22.651945114135742,-1,True
365208.754,6689471.582,30.036405563354492,-1,True
365436.754,6689471.582,27.850902557373047,-1,True
365583.754,6689471.582,30.043848037719727,-1,True
365291.754,6689470.582,28.126325607299805,-1,True
365596.754,6689469.582,19.177284240722656,-1,True
365474.754,6689466.582,29.983097076416016,-1,True
365561.754,6689466.582,35.69942855834961,-1,True
365249.754,6689465.582,35.392478942871094,-1,True
365418.754,6689464.582,30.372119903564453,-1,True
365579.754,6689464.582,34.83217239379883,-1,True
365261.754,6689463.582,26.54061508178711,-1,True
365523.754,6689463.582,22.160633087158203,-1,True
365274.754,6689461.582,27.27155876159668,-1,True
365404.754,6689461.582,35.633182525634766,-1,True
365539.754,6689461.582,35.69430923461914,-1,True
365206.754,6689459.582,28.062135696411133,-1,True
365351.754,6689459.582,25.957443237304688,-1,True
365449.754,6689459.582,23.405282974243164,-1,True
365464.754,6689459.582,30.117055892944336,-1,True
365250.754,6689458.582,27.643198013305664,-1,True
365442.754,6689456.582,26.798131942749023,-1,True
365307.754,6689454.582,26.1734619140625,-1,True
365422.754,6689453.582,21.315351486206055,-1,True
365524.754,6689452.582,18.88277816772461,-1,True
365510.754,6689450.582,24.995269775390625,-1,True
365219.754,6689449.582,19.835205078125,-1,True
365489.754,6689449.582,29.953378677368164,-1,True
365438.754,6689448.582,35.283103942871094,-1,True
365264.754,6689445.582,35.948036193847656,-1,True
365409.754,6689445.582,35.247352600097656,-1,True
365580.754,6689443.582,26.217924118041992,-1,True
365588.754,6689441.582,24.343547821044922,-1,True
365553.754,6689439.582,23.63652229309082,-1,True
365512.754,6689437.582,35.72029495239258,-1,True
365416.754,6689436.582,19.853540420532227,-1,True
365561.754,6689436.582,30.069414138793945,-1,True
365228.754,6689434.582,34.849761962890625,-1,True
365573.754,6689433.582,23.574127197265625,-1,True
365499.754,6689431.582,35.83797836303711,-1,True
365487.754,6689430.582,30.06354522705078,-1,True
365242.754,6689429.582,29.55364227294922,-1,True
365306.754,6689429.582,31.50421714782715,-1,True
365441.754,6689429.582,26.1315860748291,-1,True
365210.754,6689428.582,28.04922103881836,-1,True
365556.754,6689428.582,27.725082397460938,-1,True
365578.754,6689428.582,30.808042526245117,-1,True
365227.754,6689424.582,35.73638153076172,-1,True
365397.754,6689424.582,24.213109970092773,-1,True
365532.754,6689424.582,21.431726455688477,-1,True
365373.754,6689423.582,30.28472900390625,-1,True
365592.754,6689423.582,17.379751205444336,-1,True
365203.754,6689422.582,32.99295425415039,-1,True
365348.754,6689420.582,35.0261344909668,-1,True
365516.754,6689419.582,35.7728157043457,-1,True
365555.754,6689419.582,27.835983276367188,-1,False
365292.754,6689418.582,24.505836486816406,-1,True
365582.754,6689418.582,28.508638381958008,-1,True
365363.754,6689417.582,23.86865997314453,-1,True
365382.754,6689417.582,29.896642684936523,-1,True
365492.754,6689417.582,27.060827255249023,-1,True
365444.754,6689416.582,16.619409561157227,-1,True
365419.754,6689415.582,35.259666442871094,-1,True
365563.754,6689414.582,27.843276977539062,-1,True
365209.754,6689413.582,21.97496795654297,-1,True
365400.754,6689413.582,22.086519241333008,-1,True
365475.754,6689412.582,20.996145248413086,-1,True
365389.754,6689411.582,27.86449432373047,-1,True
365551.754,6689411.582,33.663482666015625,-1,True
365358.754,6689409.582,23.214025497436523,-1,True
365324.754,6689408.582,35.340545654296875,-1,True
365531.754,6689407.582,23.20755958557129,-1,True
365299.754,6689406.582,16.693336486816406,-1,True
365592.754,6689406.582,31.629961013793945,-1,True
365218.754,6689405.582,33.27058410644531,-1,True
365487.754,6689405.582,19.528560638427734,-1,True
365505.754,6689405.582,27.912677764892578,-1,True
365570.754,6689405.582,27.75689697265625,-1,True
365381.754,6689404.582,28.725099563598633,-1,True
365457.754,6689402.582,30.057239532470703,-1,True
