FP_ID,flag,acres,slope_mean,slope_p90,slope_max,frac_over_30
2917970,N,34.0,7.844864845275879,11.442910194396973,17.101181030273438,0.0
2921819,N,211.0,4.020524095405232,26.6514949798584,47.883758544921875,0.07556270096463022
2922208,N,117.0,2.3792654275894165,9.825428009033203,12.684931755065918,0.0
2923164,N,40.0,4.686924934387207,11.218342781066895,27.555471420288086,0.0
2923401,N,120.0,13.414385795593262,26.636804580688477,47.473976135253906,0.0595956547978274
2924311,N,15.0,1.6142547925313313,2.6803081035614014,4.725522518157959,0.0
2925172,N,12.0,6.120119094848633,8.401257514953613,16.601844787597656,0.0
2925807,N,11.0,1.1505370616912842,3.493298053741455,6.587766647338867,0.0
2926295,N,161.5,11.347044030825296,34.78510665893555,48.02247619628906,0.19498607242339833
2926757,N,70.0,16.742454528808594,30.523239135742188,40.05887985229492,0.10685805422647528
2927491,N,17.0,1.568661093711853,2.641322135925293,4.072713375091553,0.0
2928409,N,18.0,5.741465091705322,13.844470977783203,31.565874099731445,0.0017969451931716084
2928416,N,18.0,2.147265672683716,3.7269866466522217,6.221704006195068,0.0
2928423,N,18.0,1.7011768817901611,2.8626248836517334,5.205917835235596,0.0
2928443,N,110.0,1.083258867263794,2.1287803649902344,6.531158924102783,0.0
2929895,N,50.0,8.643874168395996,13.091774940490723,30.59096908569336,0.001303780964797914
2930551,Y,74.0,15.48273515701294,28.73627281188965,39.83402633666992,0.08
2932013,N,40.0,14.514305114746094,27.393590927124023,42.428348541259766,0.058136221145625534
2932404,Y,37.0,13.514865557352701,30.185213088989258,44.56624984741211,0.10262008733624454
2932504,Y,74.0,9.489815711975098,17.00681495666504,31.943077087402344,0.0012319063751154912
2934583,N,286.5,13.921350288391114,28.797197341918945,40.07236862182617,0.08571428571428572
2935743,N,39.0,12.314425468444824,18.00511932373047,29.0643310546875,0.0
2935770,Y,36.0,14.197834968566895,21.868263244628906,38.344356536865234,0.006283228612856452
2936128,Y,88.0,9.231399695078531,19.642499923706055,34.09294891357422,0.01266357112705783
2936236,N,163.0,7.5676575899124146,23.20083236694336,37.65763473510742,0.013906056860321385
2936255,Y,343.0,12.79224703993116,32.66874694824219,51.91233444213867,0.1519205869659042
2936503,N,27.0,8.421366453170776,15.70161247253418,22.741552352905273,0.0
2936825,Y,62.7,4.821714222431183,15.684062957763672,34.10842514038086,0.0062932662051604785
2936890,N,11.0,13.231488227844238,15.288887977600098,17.02054214477539,0.0
2937030,Y,371.0,15.528045495351156,39.39358901977539,45.81010055541992,0.5392798690671031
2937050,N,187.2,8.152360820770264,19.171892166137695,29.060697555541992,0.0
2937131,N,44.0,1.8646146059036255,3.847327709197998,8.809041976928711,0.0
2937329,Y,29.3,11.271642684936523,19.857532501220703,32.413490295410156,0.008542141230068337
2937833,Y,53.8,6.960488160451253,18.62944984436035,35.31255340576172,0.0033175355450236967
2938063,N,44.5,5.688291454315186,21.93708038330078,27.237091064453125,0.0
2938101,Y,88.5,31.654624938964844,41.93307876586914,62.52736282348633,0.6728811128639036
2938129,N,113.0,5.6628724336624146,16.435354232788086,52.20808410644531,0.026162111656155104
2938193,N,13.5,12.396477699279785,26.028718948364258,30.22968864440918,0.015037593984962405
2938202,Y,46.6,16.8748722076416,30.667089462280273,41.144168853759766,0.10933448573898012
2938301,N,34.0,10.56454054514567,30.458831787109375,43.36332321166992,0.10504201680672269
2938357,Y,156.0,15.37539291381836,24.136978149414062,35.9279899597168,0.011978136992673567
2938384,Y,59.800000000000004,12.771551609039307,24.51706314086914,36.167457580566406,0.007036059806508356
2938432,Y,105.0,18.511064052581787,35.430843353271484,46.33574676513672,0.26628771316134675
2938457,Y,63.7,35.117244720458984,44.50201416015625,50.82731628417969,0.7786885245901639
2938478,Y,105.5,24.636356353759766,36.0907096862793,48.48429870605469,0.27038183694530443
2938551,N,10.0,14.648386001586914,23.457019805908203,37.246917724609375,0.01871345029239766
2938668,Y,92.7,29.084362030029297,41.0348014831543,57.03169631958008,0.5370244102004637
2938678,Y,30.5,32.88642501831055,42.82487487792969,54.1609992980957,0.6747553816046967
2938701,Y,38.1,11.413519859313965,19.337133407592773,30.962196350097656,0.0017500875043752187
2938707,Y,92.9,24.672170639038086,36.46331024169922,63.14347839355469,0.2772087067861716
2938794,N,10.0,19.230896949768066,28.963346481323242,32.96482849121094,0.0663265306122449
2938795,N,36.5,12.489605903625488,21.94095802307129,31.09817123413086,0.0022900763358778627
2938901,Y,59.0,10.686463356018066,19.133712768554688,37.4422492980957,0.008692852543464262
2938920,N,15.0,17.558300971984863,37.54226303100586,43.39681625366211,0.37668161434977576
2939019,Y,87.4,27.50710678100586,40.84285354614258,55.18745803833008,0.4390199963970456
2939025,N,37.0,1.3932281732559204,2.2022078037261963,3.447232723236084,0.0
2939134,N,13.5,10.476507663726807,16.608699798583984,24.201927185058594,0.0
2939181,N,60.0,6.337479591369629,11.436614036560059,36.29477310180664,0.02066340402392605
2939301,Y,50.300000000000004,26.951034545898438,37.12952423095703,45.09324264526367,0.39628961607833035
2939315,N,48.0,12.939478874206543,23.927249908447266,38.50392532348633,0.03447075208913649
2939372,N,145.0,3.903296709060669,7.164613246917725,24.17046356201172,0.0
2939406,Y,18.5,21.869144439697266,35.54594802856445,52.55520248413086,0.21132669113791294
2939487,Y,54.0,23.967226028442383,36.459598541259766,55.526084899902344,0.24569488236720835
2939531,Y,463.0,8.589081883430481,25.08029556274414,39.828147888183594,0.006539569940146309
2939582,N,72.0,13.67972469329834,24.42467498779297,41.62140655517578,0.02725143708750266
2939589,Y,68.7,23.62492561340332,36.71885299682617,51.02778244018555,0.3093697579678888
2939602,N,31.0,4.524475932121277,8.423576354980469,12.724227905273438,0.0
2939664,N,45.0,1.20888352394104,1.9664080142974854,2.5437746047973633,0.0
2939680,N,38.0,4.377176761627197,10.83304214477539,16.955829620361328,0.0
2939703,N,26.0,11.444711685180664,25.464603424072266,32.99317932128906,0.020563594821020565
2939728,Y,20.0,8.60856282711029,30.779300689697266,43.803855895996094,0.11583924349881797
2939789,N,12.0,8.102298736572266,16.092666625976562,23.627246856689453,0.0
2939797,Y,78.5,33.660457611083984,44.06373977661133,57.110870361328125,0.7153075822603719
2939804,Y,28.2,22.271726608276367,30.90627098083496,41.2990837097168,0.1296969696969697
2939877,Y,41.2,16.60580825805664,25.951459884643555,38.954586029052734,0.042827298050139274
2939942,N,20.0,2.472254991531372,4.66312837600708,7.665797233581543,0.0
2939944,Y,69.2,8.381223678588867,17.52829360961914,34.74098205566406,0.0025652633167345708
2939976,Y,42.0,23.962928771972656,36.564544677734375,44.04262161254883,0.3381805884342239
2939977,Y,24.0,25.729000091552734,39.87107849121094,50.2476692199707,0.3706484641638225
2939992,N,10.0,14.838297843933105,28.693632125854492,35.31783676147461,0.06462035541195477
2940012,Y,164.0,20.57756519317627,38.34252166748047,56.613037109375,0.2995669365467897
2940013,Y,178.4,12.515648408369584,29.23482894897461,41.824832916259766,0.07553956834532374
2940060,Y,87.7,35.73199144999186,46.526859283447266,50.71928024291992,1.0
2940068,N,7.9,5.833441257476807,7.980604648590088,10.148324966430664,0.0
2940152,Y,90.0,16.543107986450195,27.816268920898438,40.121238708496094,0.06463195691202872
2940212,Y,48.9,13.484904289245605,23.933013916015625,37.30935287475586,0.027419354838709678
2940217,N,60.0,5.298080921173096,15.542525291442871,46.37835693359375,0.01373825018076645
2940281,N,118.0,1.6088502407073975,3.316157817840576,16.495147705078125,0.0
2940381,N,95.0,3.8092297315597534,7.267108917236328,16.726566314697266,0.0
2940421,N,38.0,7.196142037709554,16.64267349243164,27.551227569580078,0.0
2940439,N,34.0,11.443355560302734,19.71088409423828,40.2154655456543,0.01789611523352248
2940440,N,21.0,13.41629695892334,23.075756072998047,30.339237213134766,0.0008960573476702509
2940481,Y,45.0,1.470908482869466,3.910731792449951,11.835135459899902,0.0
2940484,Y,42.9,3.2127902507781982,7.480235576629639,38.90276336669922,0.007865168539325843
2940605,N,9.1,2.8120193481445312,6.980196952819824,11.289118766784668,0.0
2940606,N,38.0,1.7215176820755005,2.962132453918457,6.706255912780762,0.0
2940692,N,28.0,8.09359622001648,24.259029388427734,30.594282150268555,0.003257328990228013
2940694,Y,5.8,12.708963394165039,24.617481231689453,37.0199089050293,0.017204301075268817
2940711,N,131.0,13.467106819152832,20.244728088378906,42.99261474609375,0.012977649603460706
2940737,N,82.0,7.255480766296387,21.930341720581055,52.42229080200195,0.05624201107797188
2940808,N,22.0,3.316934108734131,8.632599830627441,18.941089630126953,0.0
2940812,Y,37.300000000000004,28.827518463134766,42.74903106689453,60.26346206665039,0.5102992615623786
2940820,N,105.2,7.7914416790008545,13.646732330322266,21.306394577026367,0.0
2940925,Y,18.900000000000002,15.585517883300781,25.11767578125,50.24350357055664,0.03349779278109582
2941003,N,111.0,5.031567096710205,8.592181205749512,15.642714500427246,0.0
2941032,N,91.0,12.637961069742838,24.494239807128906,37.123939514160156,0.014135789248233027
2941067,Y,41.0,9.377386569976807,18.73405647277832,41.60599136352539,0.04054054054054054
2941162,N,59.0,1.4870800971984863,2.3355793952941895,4.841386318206787,0.0
2941253,Y,20.9,22.158560752868652,34.850730895996094,41.37985610961914,0.3126463700234192
2941310,N,25.0,3.5210354328155518,7.199840545654297,12.323192596435547,0.0
2941327,N,6.0,19.167244911193848,30.490657806396484,37.37871170043945,0.10638297872340426
2941381,Y,23.3,20.904911041259766,31.632707595825195,49.39834976196289,0.12448132780082988
2941450,Y,6.2,27.493738174438477,41.88045883178711,55.50694274902344,0.34375
2941472,N,10.5,6.098434686660767,11.726580619812012,16.58566665649414,0.0
2941477,Y,84.6,10.729934003618029,20.971792221069336,36.66728591918945,0.011038635223281485
2941487,N,30.0,8.303389549255371,14.750937461853027,26.957473754882812,0.0
2941724,Y,96.7,17.20831298828125,30.34540367126465,56.26921081542969,0.1058873358746294
2941725,Y,101.0,21.03895854949951,36.761878967285156,52.6091423034668,0.22586872586872586
2941750,Y,109.0,12.278888702392578,21.16277313232422,37.86497116088867,0.01186595384013561
2941768,N,181.0,1.2835098505020142,2.3660175800323486,4.481857776641846,0.0
2941769,Y,52.800000000000004,16.362335205078125,35.994529724121094,51.0919075012207,0.23469960696238068
2941778,Y,78.0,32.26669692993164,42.402191162109375,59.45566940307617,0.6778776978417266
2941779,Y,49.300000000000004,12.407581329345703,26.836271286010742,41.112464904785156,0.06458333333333334
2941780,N,22.0,10.177681922912598,14.082716941833496,20.08594512939453,0.0
2941785,N,56.800000000000004,12.186678886413574,21.50168800354004,36.583702087402344,0.018084790987251704
2941786,Y,119.0,7.9759697914123535,14.603246688842773,27.08323097229004,0.0
2941798,N,27.5,1.9767856001853943,4.815910339355469,9.884902954101562,0.0
2941801,Y,9.4,12.693187713623047,20.835229873657227,36.394775390625,0.00823905558288244
2941803,Y,30.0,29.39478874206543,38.0693244934082,45.75933074951172,0.5494447382337387
2941804,Y,36.0,15.143488883972168,26.705875396728516,49.16116714477539,0.05426356589147287
2941805,Y,21.0,9.364256381988525,14.964142799377441,17.914562225341797,0.0
2941814,N,45.7,4.324942588806152,7.614461421966553,25.91436004638672,0.0
2941822,N,31.0,3.1553332805633545,7.046243190765381,19.339094161987305,0.0
2941823,N,21.5,2.3153061469395957,7.699289321899414,14.18598747253418,0.0
2941826,Y,63.0,16.44535255432129,25.61171531677246,42.959285736083984,0.03481925038811266
2941827,Y,16.2,21.91786003112793,40.31001281738281,47.17056655883789,0.249789029535865
2941830,N,2.5,3.4758224487304688,4.866795539855957,5.264116287231445,0.0
2941833,N,22.6,1.4822245836257935,2.6119635105133057,5.320434093475342,0.0
2941834,Y,51.0,13.6929931640625,21.2144832611084,36.986976623535156,0.005830094392004442
2941837,N,135.0,1.5168628692626953,2.723512887954712,6.343231678009033,0.0
2941838,Y,63.0,13.321928024291992,22.225326538085938,34.56815719604492,0.008062274117319988
2941839,Y,56.800000000000004,16.935604095458984,30.19087028503418,45.19512939453125,0.10253781081773904
2941843,N,3.0,11.756110191345215,19.287004470825195,37.509098052978516,0.034482758620689655
2941845,Y,67.4,27.525686264038086,37.32488250732422,47.554229736328125,0.41063095962669915
2941847,N,30.0,1.7530176043510437,4.529877662658691,13.325303077697754,0.0
2941856,Y,27.1,23.826160430908203,36.01771926879883,44.921653747558594,0.277804759592035
2941857,N,3.0,10.035451889038086,16.97661590576172,22.637401580810547,0.0
2941858,N,32.0,12.716540336608887,22.91254997253418,31.180341720581055,0.0010660980810234541
2941860,Y,56.2,20.010496139526367,38.09733963012695,44.90398406982422,0.38700361010830325
2941861,N,32.0,3.6896238327026367,7.1772260665893555,15.07763385772705,0.0
2941862,N,49.0,11.043315887451172,17.399734497070312,29.678386688232422,0.0
2941869,Y,27.0,15.826251029968262,29.337894439697266,43.84327697753906,0.09106728538283063
2941873,N,13.700000000000001,10.437140464782715,16.78945541381836,20.887113571166992,0.0
2941874,Y,36.2,12.953917503356934,22.2352352142334,33.08327865600586,0.004860804242156429
2941877,N,32.0,4.137240409851074,10.709105491638184,29.00151824951172,0.0
2941879,Y,74.5,18.95726776123047,32.93954086303711,50.135650634765625,0.15214019851116625
2941893,Y,58.300000000000004,26.996353149414062,36.14234924316406,43.97585678100586,0.4391891891891892
2941899,N,4.0,18.805011749267578,24.197948455810547,27.21581268310547,0.0
2941902,Y,113.0,20.930923461914062,31.697437286376953,44.96117401123047,0.14204383717620267
2941910,Y,51.800000000000004,27.249074935913086,37.64461135864258,50.04076385498047,0.4151862464183381
2941912,N,29.7,13.728068351745605,21.694162368774414,36.442996978759766,0.010780287474332649
2941922,Y,7.0,22.088651657104492,35.586692810058594,46.31633758544922,0.210412147505423
2941923,Y,30.0,17.8496150970459,27.13922119140625,39.17166519165039,0.04833084205281515
2941926,N,36.5,1.39686119556427,2.6785354614257812,3.6550192832946777,0.0
2941933,N,11.0,2.4060354232788086,4.124152660369873,6.763874053955078,0.0
2941943,Y,61.300000000000004,17.28014373779297,29.553871154785156,48.51195526123047,0.09438978994948152
2941953,N,12.0,14.285636901855469,22.106454849243164,31.807273864746094,0.018433179723502304
2941965,Y,100.10000000000001,11.567445755004883,22.941877365112305,44.51493453979492,0.03165503489531406
2941969,N,12.0,9.96169376373291,19.59325408935547,38.81634521484375,0.02663934426229508
2941973,N,125.0,9.855703592300415,25.399198532104492,39.81012725830078,0.020134228187919462
2941982,N,24.2,16.61724615097046,28.009323120117188,36.3804931640625,0.050206327372764786
2941983,N,141.0,10.628214359283447,18.09234046936035,34.49319076538086,0.0031931878658861094
2941985,Y,115.0,13.152196884155273,22.331588745117188,40.08141326904297,0.025172818573105517
2941995,Y,75.2,30.866777420043945,38.91521072387695,49.42574691772461,0.6207394048692516
2941998,Y,6.5,20.34231948852539,31.243820190429688,32.32069396972656,0.21739130434782608
2942003,Y,49.0,9.383380889892578,21.401262283325195,56.68950271606445,0.043260353468741755
2942005,Y,77.0,9.967192649841309,16.64848518371582,31.569095611572266,0.000940203083866115
2942009,Y,43.5,19.674039840698242,34.64871597290039,46.00871658325195,0.2509926262053318
2942012,N,3.0,8.88500690460205,16.963783264160156,21.64727783203125,0.0
2942013,N,5.0,4.469821453094482,8.541123390197754,9.827230453491211,0.0
2942023,N,11.5,7.13135290145874,12.863810539245605,16.363994598388672,0.0
2942024,Y,51.0,11.955503463745117,20.621671676635742,36.80320358276367,0.009438909281594127
2942034,Y,79.0,14.194649696350098,30.214731216430664,49.96657943725586,0.10193712289615751
2942039,N,22.2,11.888504028320312,19.388547897338867,30.758302688598633,0.003190810465858328
2942045,N,94.0,1.3012195825576782,2.382725715637207,5.158053874969482,0.0
2942046,Y,76.0,33.481666564941406,42.50646209716797,50.85456085205078,0.7420204014478446
2942048,Y,99.0,18.18488311767578,35.10393142700195,56.01479721069336,0.17260809567617294
2942063,Y,105.0,18.35334587097168,30.71347999572754,47.048648834228516,0.11670190274841438
2942067,Y,147.0,13.45067278544108,23.447832107543945,35.028751373291016,0.022806147744174516
2942068,Y,136.4,22.833647155761717,41.303829193115234,51.06769943237305,0.5758593441327539
2942072,Y,74.3,13.708272933959961,24.106504440307617,33.91320037841797,0.007199844327690212
2942073,Y,150.0,10.300037384033203,23.800636291503906,31.868558883666992,0.015748031496062992
2942075,Y,36.4,16.085464477539062,24.422805786132812,38.91036605834961,0.019135093761959432
2942076,Y,114.5,9.919764518737793,16.672609329223633,36.73574447631836,0.0020787139689578712
2942081,Y,53.5,7.460761706034343,13.067094802856445,28.247272491455078,0.0
2942084,N,62.1,7.008555889129639,12.959446907043457,28.28745460510254,0.0
2942086,Y,60.0,23.836631774902344,39.86996841430664,53.54909133911133,0.3754708097928437
2942095,Y,39.0,18.80459976196289,32.777748107910156,45.12113571166992,0.1565372072339164
2942099,Y,50.0,28.03910541534424,41.24810028076172,48.132774353027344,0.5078683834048641
2942104,N,120.0,16.71420669555664,25.42209815979004,43.9207763671875,0.037326995666154064
2942107,Y,57.2,14.042920112609863,24.446765899658203,38.0473518371582,0.020642689934028517
2942109,N,54.300000000000004,10.020990371704102,17.06787109375,32.34352111816406,0.0012813941568426447
2942112,Y,62.1,29.83170509338379,38.503658294677734,53.465633392333984,0.576157595450853
2942113,N,48.9,8.00511884689331,28.029321670532227,42.2043571472168,0.06463267763950221
2942115,Y,72.0,21.404510498046875,37.07853317260742,46.89703369140625,0.2473474801061008
2942116,N,8.0,3.900118350982666,6.235147476196289,7.190767288208008,0.0
2942120,Y,66.8,16.188934326171875,26.499357223510742,38.72119903564453,0.04290772755675901
2942123,Y,66.5,17.579875946044922,32.391056060791016,45.12091064453125,0.13772349088334218
2942124,Y,115.0,20.44666290283203,31.99368667602539,43.741722106933594,0.16853932584269662
2942125,N,15.0,1.0027515888214111,1.9352524280548096,3.734506845474243,0.0
2942126,Y,184.20000000000002,16.588581085205078,26.399934768676758,43.040321350097656,0.050017158544955385
2942127,N,30.0,21.096689224243164,33.99786376953125,48.37492370605469,0.244568590937306
2942131,Y,136.0,14.36556625366211,25.817733764648438,43.57881546020508,0.049287856071964016
2942132,Y,85.0,21.749134063720703,34.9759635925293,46.3580322265625,0.2350028565987431
2942134,N,50.6,9.995394706726074,19.899503707885742,31.039798736572266,0.0011661807580174927
2942138,Y,57.0,19.481266021728516,27.106426239013672,41.9193115234375,0.041056485355648535
2942146,N,3.5,6.69846773147583,9.710097312927246,17.62288475036621,0.0
2942147,Y,507.0,10.83573842048645,19.238168716430664,23.72234535217285,0.0
2942153,N,1.0,19.04320526123047,24.372194290161133,30.197744369506836,0.0078125
2942154,N,1.0,12.816112518310547,20.025707244873047,35.13433837890625,0.017595307917888565
2942155,Y,94.2,11.590987205505371,19.10980987548828,32.83931350708008,0.0031377470975839346
2942163,N,29.5,1.6365708112716675,2.6968493461608887,4.927839756011963,0.0
2942175,Y,54.5,10.339775085449219,18.912734985351562,39.76454544067383,0.01182033096926714
2942177,N,3.0,1.078791856765747,1.458855390548706,1.889657974243164,0.0
2942189,N,19.0,15.312941551208496,26.04486846923828,44.07250213623047,0.06639004149377593
2942195,Y,160.6,11.522381782531738,19.76490592956543,37.315914154052734,0.02577319587628866
2942211,Y,39.5,28.502286911010742,36.96083068847656,46.28293228149414,0.46956872228939944
2942214,Y,40.2,14.009349822998047,32.325130462646484,45.12091064453125,0.1358305618764222
2942232,N,60.0,5.339016437530518,11.717687606811523,40.66791915893555,0.011747430249632892
2942237,N,80.0,16.46084213256836,27.835342407226562,37.245880126953125,0.06094555231906789
2942238,N,5.0,3.199744701385498,6.138538837432861,8.001154899597168,0.0
2942241,N,12.1,9.875547409057617,25.099903106689453,34.91357421875,0.029166666666666667
2942247,Y,81.0,8.854222297668457,16.36467170715332,28.590770721435547,0.0
2942248,Y,127.0,20.841327667236328,30.172975540161133,44.56344223022461,0.10400516795865633
2942259,N,9.6,10.254487991333008,17.636083602905273,24.0135440826416,0.0
2942268,Y,66.6,10.830830574035645,17.951940536499023,37.109092712402344,0.005018820577164366
2942271,N,22.0,15.06966495513916,20.589799880981445,27.287675857543945,0.0
2942285,Y,55.5,33.07661819458008,41.7840690612793,54.197105407714844,0.7307477678571429
2942286,N,50.0,10.31958262125651,18.18438720703125,24.802566528320312,0.0
2942287,Y,234.0,15.486017862955729,27.554370880126953,42.872344970703125,0.048295454545454544
2942288,Y,75.0,20.324766159057617,28.59499168395996,41.1890869140625,0.0651984300043611
2942290,N,64.2,9.742104530334473,16.897493362426758,30.704334259033203,0.0014573718727228565
2942291,Y,68.2,17.48763084411621,27.214176177978516,40.7662239074707,0.05318661164603393
2942292,Y,30.1,22.27528953552246,33.20109176635742,42.37062454223633,0.24210526315789474
2942294,Y,90.0,14.166078567504883,24.160676956176758,39.95368957519531,0.028285615729561918
2942296,N,10.0,20.496349334716797,30.211849212646484,37.19929122924805,0.10471204188481675
2942298,N,7.0,2.343968152999878,4.662744998931885,10.685456275939941,0.0
2942306,N,28.0,6.970624923706055,21.068899154663086,28.692825317382812,0.0
2942308,Y,61.300000000000004,31.005624771118164,39.28511047363281,44.86459732055664,0.6631736526946108
2942310,Y,93.3,19.337255477905273,29.987201690673828,42.8296012878418,0.09954829742876999
2942313,Y,63.800000000000004,5.918041944503784,15.915019035339355,28.980670928955078,0.0
2942316,Y,64.0,16.880725860595703,30.5867862701416,43.82184982299805,0.1119718309859155
2942317,N,37.800000000000004,13.667500495910645,21.318248748779297,35.33146667480469,0.010026995757809487
2942335,Y,80.7,15.21808115641276,26.596616744995117,37.84581756591797,0.03713355048859935
2942337,N,43.0,3.557985782623291,6.109374046325684,8.924248695373535,0.0
2942349,Y,254.2,27.363856077194214,43.900733947753906,54.17804718017578,0.6197771587743732
2942355,N,5.0,9.788579940795898,15.424979209899902,20.780502319335938,0.0
2942356,N,28.0,9.084428787231445,13.282888412475586,24.33987045288086,0.0
2942357,N,16.0,10.785134315490723,16.925928115844727,25.952411651611328,0.0
2942367,N,33.8,14.715629577636719,24.573835372924805,36.649208068847656,0.007319304666056725
2942368,N,10.0,8.748051643371582,14.1705961227417,23.743188858032227,0.0
2942370,N,8.0,3.5706632137298584,7.123315811157227,10.225433349609375,0.0
2942371,N,3.0,1.1981878280639648,1.8222495317459106,2.427090883255005,0.0
2942374,Y,78.0,11.536260604858398,19.14289093017578,30.712587356567383,0.0013651877133105802
2942375,Y,94.8,18.481914520263672,31.240110397338867,52.77080535888672,0.12179804990910593
2942377,Y,41.0,20.68305015563965,31.58144760131836,46.46332931518555,0.14218381775333858
2942378,Y,65.0,9.24797248840332,22.062694549560547,41.7645263671875,0.024460751612185902
2942382,Y,65.0,18.845304489135742,29.15601921081543,43.67113494873047,0.0841408650437249
2942385,Y,146.3,14.41854190826416,24.842668533325195,46.03851318359375,0.037065904563956004
2942386,Y,99.10000000000001,12.94176197052002,22.934104919433594,43.29183578491211,0.02439384979302188
2942387,Y,102.5,12.727750778198242,20.871623992919922,36.394775390625,0.008791480931154037
2942389,N,8.0,13.251884460449219,20.17750358581543,25.402788162231445,0.0
2942393,N,29.3,7.036901950836182,11.107193946838379,16.6923828125,0.0
2942395,Y,96.2,11.826065063476562,19.49588966369629,31.872011184692383,0.0011608623548922056
2942396,N,14.0,9.7758207321167,15.89547061920166,20.558834075927734,0.0
2942398,N,3.0,12.439753532409668,23.32039451599121,31.360761642456055,0.014084507042253521
2942401,Y,57.7,20.670808792114258,27.96894645690918,38.5886344909668,0.04160084254870985
2942406,Y,93.60000000000001,22.447301864624023,36.415225982666016,55.82087707519531,0.2669709910175232
2942409,N,10.0,1.687174677848816,2.879574775695801,4.14972448348999,0.0
2942410,Y,50.2,16.75556182861328,27.764198303222656,39.8568115234375,0.0712241653418124
2942411,Y,102.0,13.391371409098307,24.842782974243164,34.65861129760742,0.026859504132231406
2942419,Y,1.5,8.935420989990234,12.436363220214844,14.488183975219727,0.0
2942423,Y,21.5,8.52955182393392,16.10723876953125,33.77638244628906,0.0221606648199446
2942424,N,70.0,6.57783842086792,14.339215278625488,22.254878997802734,0.0
2942426,Y,89.0,15.772561073303223,26.41959571838379,46.076019287109375,0.04947253546744271
2942428,N,3.0,11.098695755004883,13.822600364685059,16.139652252197266,0.0
2942434,Y,60.0,5.927940368652344,8.213022232055664,18.499073028564453,0.0
2942435,N,3.0,2.272732734680176,3.1592891216278076,4.290782451629639,0.0
2942436,Y,126.0,11.984373092651367,23.302268981933594,42.87179946899414,0.03186685588956264
2942440,Y,71.2,23.31863021850586,32.212913513183594,42.40314483642578,0.18157124947764314
2942445,Y,41.9,20.612619400024414,30.907625198364258,42.8366584777832,0.12868823320298614
2942447,N,4.0,8.9747314453125,14.834953308105469,18.545269012451172,0.0
2942448,Y,78.0,13.538336277008057,22.75739288330078,40.900630950927734,0.008751262201279031
2942449,N,69.0,8.254364728927612,22.58213233947754,32.02241897583008,0.01125
2942452,Y,85.4,9.589898109436035,16.08814239501953,23.27024269104004,0.0
2942454,N,28.5,15.761027336120605,27.64713478088379,39.78563690185547,0.07551020408163266
2942455,N,5.0,1.7259304523468018,2.5113964080810547,3.748157024383545,0.0
2942457,Y,66.4,14.249731063842773,22.674211502075195,32.082176208496094,0.0012764871074802144
2942462,Y,98.0,33.95003890991211,43.477664947509766,59.71561813354492,0.7331038000510074
2942463,Y,98.5,33.700477600097656,44.36021423339844,56.88023376464844,0.7068259385665528
2942464,Y,32.5,29.394887924194336,44.624671936035156,60.91888427734375,0.5243553008595988
2942466,Y,83.3,26.078393936157227,36.05113220214844,52.36410903930664,0.3545751633986928
2942467,Y,66.2,18.092390060424805,28.614543914794922,41.419273376464844,0.06824146981627296
2942468,Y,82.0,16.85027313232422,28.133621215820312,45.70168685913086,0.06902138690861957
2942469,N,80.0,0.9053221344947815,1.6532032489776611,7.05364990234375,0.0
2942472,N,22.0,8.95906925201416,17.975990295410156,25.215112686157227,0.0
2942477,Y,118.0,28.195152282714844,40.96477508544922,51.81871795654297,0.47837622711594585
2942483,N,38.6,9.783242225646973,15.518744468688965,21.576480865478516,0.0
2942484,Y,62.0,23.80947494506836,35.295772552490234,47.107757568359375,0.27137452711223203
2942487,N,10.0,10.646031379699707,17.638580322265625,21.13947105407715,0.0
2942492,N,8.0,10.287327766418457,17.981096267700195,24.469385147094727,0.0
2942496,N,6.0,15.273408889770508,25.7995548248291,42.77199172973633,0.052313883299798795
2942502,N,13.5,6.706559658050537,12.929851531982422,19.081768035888672,0.0
2942506,Y,114.10000000000001,16.9899845123291,28.42477798461914,46.01671600341797,0.0773001508295626
2942507,Y,92.3,21.25786018371582,32.776729583740234,43.365760803222656,0.18883212964593976
2942508,N,175.6,18.677352905273438,31.078123092651367,46.541954040527344,0.12137592137592138
2942509,Y,56.300000000000004,9.35189437866211,15.921013832092285,40.25831985473633,0.00850480109739369
2942515,Y,100.3,14.889213562011719,24.525409698486328,43.43260192871094,0.03312727849104454
2942527,N,71.5,10.995746612548828,17.634449005126953,25.822795867919922,0.0
2942529,N,110.0,4.174689292907715,7.8485283851623535,19.362674713134766,0.0
2942532,Y,113.9,7.2734575271606445,13.158882141113281,29.66836166381836,0.0
2942533,N,20.0,7.866222858428955,14.687402725219727,24.02176284790039,0.0
2942542,Y,54.300000000000004,30.068096160888672,39.137386322021484,50.99221420288086,0.5536468600394255
2942544,Y,117.2,9.450408935546875,15.455904006958008,34.44951248168945,0.005046964811439787
2942549,N,11.1,2.72173111140728,8.224910736083984,11.591826438903809,0.0
2942552,N,8.0,1.6240609884262085,3.203571081161499,8.945277214050293,0.0
2942555,Y,47.300000000000004,6.303336143493652,14.134407997131348,32.798404693603516,0.0032258064516129032
2942556,N,41.0,8.206608772277832,12.078534126281738,25.59450912475586,0.0
2942563,N,37.0,12.439055442810059,19.951059341430664,31.99568748474121,0.0018596001859600185
2942564,N,22.5,12.821545600891113,20.788314819335938,29.782299041748047,0.0
2942572,N,29.6,7.237779140472412,10.075068473815918,12.732192039489746,0.0
2942573,Y,22.0,26.4332275390625,36.237979888916016,46.92787170410156,0.30694275274056027
2942592,N,4.5,3.045637607574463,5.7598161697387695,10.829434394836426,0.0
2942594,Y,53.300000000000004,17.237451553344727,28.584775924682617,40.02751159667969,0.0707755824240637
2942598,N,10.0,7.226403713226318,15.29538631439209,19.96799659729004,0.0
2942599,Y,150.9,32.73680114746094,42.49817657470703,55.798465728759766,0.7044073681165011
2942604,N,77.0,12.235710144042969,22.874731063842773,42.2097053527832,0.021733880705143684
2942605,N,49.300000000000004,14.626494407653809,26.55364418029785,42.78293228149414,0.04926945293917771
2942608,N,4.0,2.250213146209717,6.485848426818848,13.402173042297363,0.0
2942610,Y,46.6,31.382598876953125,40.18764114379883,49.024681091308594,0.6223606784354447
2942611,Y,57.7,26.638439178466797,35.949859619140625,44.941558837890625,0.37066735644076565
2942612,Y,83.9,34.99752426147461,41.667171478271484,60.67953109741211,0.8279051065540812
2942613,Y,40.2,25.877689361572266,34.8360481262207,41.022613525390625,0.31521314039890497
2942614,Y,573.0,13.11601448059082,25.449600219726562,44.010528564453125,0.04490633820887863
2942615,Y,145.1,14.43190336227417,24.92539405822754,36.75404739379883,0.02152521525215252
2942619,Y,131.0,10.537825345993042,25.15918731689453,41.490299224853516,0.04168962350780533
2942631,Y,41.0,37.99214172363281,46.642093658447266,61.13374328613281,0.8583936048724781
2942632,Y,99.3,31.788484573364258,41.10918045043945,69.2557601928711,0.5992958873419747
2942633,N,56.800000000000004,9.499496459960938,15.362846374511719,26.67499351501465,0.0
2942637,Y,42.5,28.140047073364258,40.8996696472168,49.233787536621094,0.4863557858376511
2942640,Y,67.0,19.281763076782227,31.764450073242188,46.57074737548828,0.12332628611698379
2942644,Y,74.0,20.633987426757812,30.140878677368164,43.040767669677734,0.10401737242128122
2942654,N,9.200000000000001,3.7995998859405518,5.387905120849609,7.18858003616333,0.0
2942659,Y,100.0,15.803348541259766,26.307422637939453,42.97172164916992,0.05475012792085963
2942660,N,27.0,7.048420965671539,23.675765991210938,37.654605865478516,0.03521643433602348
2942661,N,6.6000000000000005,2.770228624343872,3.6887199878692627,4.100100040435791,0.0
2942663,Y,81.0,8.633672714233398,15.755615234375,28.19383430480957,0.0
2942664,Y,154.3,23.1167573928833,38.609107971191406,54.17829895019531,0.3540644709180098
2942665,Y,88.10000000000001,24.980213165283203,36.49356460571289,47.17311477661133,0.3016728624535316
2942673,N,12.0,10.35590648651123,14.363877296447754,21.99642562866211,0.0
2942676,Y,42.9,14.83595609664917,32.503753662109375,42.07575607299805,0.1752136752136752
2942678,Y,126.0,6.675736486911774,19.848915100097656,35.05839920043945,0.005177282711013492
2942683,N,21.800000000000004,3.2875389655431113,9.49836254119873,11.47604751586914,0.0
2942686,Y,52.2,16.696741104125977,30.966888427734375,47.634437561035156,0.11391644123835287
2942687,Y,123.0,10.813132286071777,19.866832733154297,38.136966705322266,0.0084539786537039
2942688,Y,151.3,8.5476815700531,17.734472274780273,38.40955352783203,0.007124613523323027
2942689,N,135.0,4.837850570678711,8.250322341918945,13.17184829711914,0.0
2942693,Y,80.9,9.01860523223877,17.061552047729492,39.20106506347656,0.008545385491834409
2942697,Y,109.7,27.762723922729492,37.66787338256836,51.79566955566406,0.40397254271943916
2942698,Y,78.0,33.04838562011719,42.207332611083984,50.6390380859375,0.6851497769279796
2942699,N,2.5,1.313828468322754,2.040193557739258,2.4735968112945557,0.0
2942704,N,2.0,12.808199882507324,21.852689743041992,26.69938087463379,0.0
2942711,N,7.0,9.26468539237976,15.371145248413086,18.963756561279297,0.0
2942717,Y,73.0,15.964430809020996,24.12157440185547,44.94367218017578,0.04195936966014809
2942721,N,38.0,2.9980775515238443,5.564093589782715,20.812753677368164,0.0
2942723,N,26.0,8.37387784322103,20.099666595458984,28.857969284057617,0.0
2942725,Y,65.5,36.360530853271484,47.80535888671875,70.95865631103516,0.7900641025641025
2942728,N,45.0,13.10169506072998,19.592632293701172,28.079282760620117,0.0
2942731,N,8.7,1.0625320076942444,1.7609668970108032,3.5125112533569336,0.0
2942733,N,5.5,5.289188385009766,7.492387771606445,13.148956298828125,0.0
2942745,Y,66.6,12.952387809753418,22.696578979492188,39.798091888427734,0.012950317871438662
2942749,Y,69.4,28.886850357055664,43.48673629760742,63.143089294433594,0.42411764705882354
2942754,Y,128.4,17.832782745361328,30.48939323425293,45.216949462890625,0.10670194003527336
2942762,N,64.4,12.725317001342773,18.850065231323242,24.047849655151367,0.0
2942765,Y,34.0,21.327655792236328,31.529603958129883,41.34017562866211,0.13256484149855907
2942768,Y,63.7,11.842743873596191,25.547870635986328,44.686317443847656,0.06712905622987367
2942770,N,21.900000000000002,14.264119148254395,23.0137882232666,39.53696060180664,0.02880658436213992
2942771,Y,65.6,15.552717208862305,26.81444549560547,39.878047943115234,0.052319191030995825
2942775,Y,53.0,12.204853057861328,19.568981170654297,31.540138244628906,0.0006311139160618492
2942776,Y,175.5,9.6394624710083,17.792640686035156,36.32771682739258,0.0026829493940234987
2942780,N,28.500000000000004,14.17023785909017,25.829572677612305,27.845752716064453,0.0
2942784,Y,187.0,17.45952383677165,34.71707534790039,43.966251373291016,0.27243475151948515
2942785,Y,52.0,12.416590690612793,20.121862411499023,31.570392608642578,0.00253324889170361
2942787,Y,112.0,18.4400634765625,30.201313018798828,45.54351043701172,0.10426770126091174
2942792,Y,190.1,17.322071075439453,29.46815299987793,44.56496810913086,0.0917838638045892
2942794,N,12.0,11.845584869384766,20.787885665893555,31.20475959777832,0.0013404825737265416
2942800,Y,26.2,19.662260055541992,33.13511657714844,45.76994323730469,0.15675675675675677
2942803,N,27.400000000000002,5.381134510040283,10.662052154541016,19.701251983642578,0.0
2942807,Y,53.2,11.181419372558594,20.614116668701172,37.573204040527344,0.02340371406766726
2942809,Y,34.5,22.948314666748047,33.16144943237305,43.790077209472656,0.1971172574990261
2942810,N,25.0,3.5346107482910156,6.399219036102295,11.686744689941406,0.0
2942813,N,37.0,6.089197635650635,16.186809539794922,28.7540283203125,0.0
2942819,Y,22.0,22.30428695678711,35.61750793457031,46.77762985229492,0.23871366728509585
2942824,N,3.4,11.643949508666992,13.972204208374023,19.262174606323242,0.0
2942836,N,18.0,8.937556505203247,15.224960327148438,22.49686050415039,0.0
2942837,Y,111.8,33.215301513671875,43.10158920288086,52.519283294677734,0.7128971420281445
2942842,Y,32.3,24.778820037841797,35.1324577331543,47.18338394165039,0.2890625
2942844,Y,90.7,20.525066375732422,33.016990661621094,44.503604888916016,0.1808294930875576
2942845,N,126.0,16.61113452911377,37.94441223144531,52.56052780151367,0.32033768227168075
2942846,Y,79.0,18.903411865234375,29.40922737121582,39.812171936035156,0.08795562599049128
2942847,N,112.0,9.450379371643066,17.80217170715332,28.85063934326172,0.0
2942851,N,2.0,12.836426734924316,17.532760620117188,22.649761199951172,0.0
2942853,N,40.0,4.790812253952026,24.11546516418457,35.05561828613281,0.033680039623576026
2942854,N,9.0,11.031941413879395,21.657196044921875,27.59323501586914,0.0
2942855,Y,145.1,27.033998489379883,37.69243621826172,47.80006408691406,0.38052197491808837
2942857,N,5.0,4.469732761383057,6.233100891113281,8.56165885925293,0.0
2942859,N,224.0,3.3065593242645264,6.344127655029297,31.764347076416016,0.0005443658138268917
2942861,Y,47.4,32.02031326293945,42.272518157958984,60.76984405517578,0.6416666666666667
2942863,N,25.0,3.9895098209381104,6.91660213470459,9.645155906677246,0.0
2942866,Y,51.800000000000004,21.4737606048584,33.96226501464844,51.25923538208008,0.2452156989944859
2942869,Y,103.0,10.889886220296225,21.287551879882812,32.26548385620117,0.0026223776223776225
2942874,N,247.0,7.999691009521484,13.621212005615234,35.9306640625,0.003424657534246575
2942878,N,103.0,1.9656307697296143,4.328939914703369,9.08960247039795,0.0
2942879,Y,95.60000000000001,19.95368194580078,32.76588439941406,47.12666320800781,0.1498156924697209
2942881,N,10.0,1.083591103553772,1.9857949018478394,2.7226524353027344,0.0
2942886,N,15.0,6.005666732788086,18.524499893188477,44.7241325378418,0.030249110320284697
2942890,Y,71.0,26.53091812133789,36.70845413208008,46.06071853637695,0.37369705034375694
2942893,N,13.9,12.0917329788208,20.944475173950195,52.772926330566406,0.030335861321776816
2942897,Y,39.0,4.117397308349609,7.871281623840332,26.5430965423584,0.0
2942917,Y,10.1,14.485880851745605,25.980907440185547,37.598323822021484,0.041666666666666664
2942921,N,8.0,8.544268608093262,12.816327095031738,14.441757202148438,0.0
2942922,N,64.0,4.489797115325928,8.270844459533691,20.193185806274414,0.0
2942923,N,5.0,2.091555595397949,3.1129844188690186,5.014654159545898,0.0
2942924,Y,64.4,12.112449645996094,19.870182037353516,32.97745132446289,0.006760140210315473
2942927,Y,65.6,15.938641548156738,27.451303482055664,39.398189544677734,0.04572949431405759
2942928,N,17.5,1.6775616804758708,4.155880451202393,27.40884017944336,0.0
2942929,N,10.700000000000001,11.824135780334473,16.132003784179688,25.946348190307617,0.0
2942942,Y,85.2,22.181715965270996,36.77780532836914,48.243717193603516,0.29647585306731306
2942946,Y,24.400000000000002,31.660785675048828,40.56203079223633,48.525352478027344,0.6515151515151515
2942947,N,4.0,14.986733436584473,27.38112449645996,37.23228454589844,0.07851239669421488
2942951,Y,64.0,27.21059513092041,41.25691223144531,46.46773147583008,0.7262773722627737
2942953,Y,72.3,16.02438735961914,25.369924545288086,42.70193099975586,0.043538355217691775
2942956,N,49.2,10.6008882522583,16.908973693847656,26.745922088623047,0.0
2942968,Y,72.0,25.084230422973633,36.633033752441406,47.351016998291016,0.340129749768304
2942970,Y,65.0,14.107844352722168,26.34238624572754,43.45133972167969,0.05951783023606228
2942971,Y,68.0,12.197678565979004,19.76860809326172,32.32337951660156,0.005104521147301896
2942974,Y,92.10000000000001,17.483562469482422,26.740581512451172,39.22638702392578,0.04189373297002725
2942975,Y,119.0,11.962207794189453,21.441709518432617,34.555110931396484,0.014283770915521698
2942979,Y,78.5,16.750459671020508,29.065279006958008,45.868743896484375,0.08504034761018
2942980,Y,81.3,16.488370895385742,25.773229598999023,54.32748794555664,0.04549019607843137
2942981,N,20.0,6.675755500793457,10.296796798706055,19.581470489501953,0.0
2942994,Y,112.0,12.023055076599121,20.511287689208984,35.52790069580078,0.006429425837320574
2942996,Y,116.2,15.622961044311523,30.24327850341797,50.301937103271484,0.10281170122124396
2942998,N,17.0,4.784391403198242,7.192134857177734,13.601292610168457,0.0
2943001,N,4.0,0.8997712135314941,1.1362035274505615,1.5114272832870483,0.0
2943004,Y,64.0,18.672130584716797,30.865819931030273,42.397979736328125,0.1187888198757764
2943005,Y,45.5,20.037782669067383,31.203433990478516,42.309329986572266,0.13019287833827894
2943006,Y,95.3,29.234609603881836,41.262939453125,53.74302673339844,0.6142950179094757
2943007,Y,82.9,19.778078079223633,33.20304870605469,43.493690490722656,0.16607773851590105
2943008,Y,150.1,12.090849876403809,22.337696075439453,40.07195281982422,0.0165788317962231
2943012,N,2.0,10.229755401611328,14.064000129699707,17.090482711791992,0.0
2943020,N,3.3000000000000003,28.44983673095703,41.08185577392578,47.401153564453125,0.4217252396166134
2943021,N,7.0,14.294930458068848,23.015804290771484,35.45543670654297,0.015337423312883436
2943023,Y,33.0,22.737356185913086,33.099674224853516,46.897586822509766,0.21031207598371776
2943031,Y,65.6,17.07723617553711,24.02242088317871,37.8117561340332,0.013902439024390244
2943032,Y,61.6,27.622594833374023,36.456783294677734,52.05050277709961,0.42555357597353016
2943033,Y,74.3,33.2962646484375,41.83052062988281,51.25973129272461,0.7594035165813487
2943034,N,15.8,17.5576229095459,23.855669021606445,31.981658935546875,0.005644402634054563
2943043,N,35.0,23.236726760864258,38.593421936035156,44.12868118286133,0.5632411067193676
2943045,Y,120.5,10.742329597473145,18.490827560424805,37.21609878540039,0.006001021450459653
2943046,N,7.4,10.447590827941895,15.472086906433105,24.063831329345703,0.0
2943052,N,2.0,11.070069313049316,22.80991554260254,26.388778686523438,0.0
2943054,N,15.0,1.3473231792449951,2.011414051055908,3.31986927986145,0.0
2943059,Y,90.10000000000001,8.099113464355469,12.992544174194336,23.82927703857422,0.0
2943065,Y,21.0,27.584877014160156,38.47513198852539,47.019386291503906,0.42509225092250924
2943069,N,14.5,15.262063980102539,24.416337966918945,32.06111526489258,0.009554140127388535
2943071,N,12.0,6.124809265136719,10.900895118713379,16.677305221557617,0.0
2943073,N,1.2,4.58942174911499,10.55832576751709,14.549221992492676,0.0
2943080,N,145.5,9.241241931915283,22.165740966796875,38.64274215698242,0.006993006993006993
2943082,Y,81.0,17.512481689453125,34.81269454956055,55.29853057861328,0.13614432557163836
2943083,Y,68.9,26.922819137573242,38.761539459228516,47.91105270385742,0.4514078110808356
2943084,Y,56.9,21.91471290588379,33.74765396118164,44.17533874511719,0.2077922077922078
2943089,N,35.0,0.9066735506057739,1.5147830247879028,7.364005088806152,0.0
2943091,N,1.0,11.074742317199707,17.238643646240234,20.77993392944336,0.0
2943097,N,3.0,1.2579315900802612,1.7599036693572998,2.3471105098724365,0.0
2943101,Y,105.0,20.09956169128418,32.71070098876953,45.199031829833984,0.16155452063594025
2943111,N,28.0,1.8732784986495972,3.422452449798584,15.139528274536133,0.0
2943112,N,10.0,8.637325286865234,15.074313163757324,23.40410804748535,0.0
2943115,N,1.5,7.290343761444092,19.661144256591797,38.7888069152832,0.06976744186046512
2943116,Y,51.9,9.640036318037245,49.643829345703125,61.058746337890625,0.3333333333333333
2943144,N,36.0,7.453489780426025,13.064310073852539,21.829803466796875,0.0
2943146,Y,83.10000000000001,12.146878242492676,20.557065963745117,31.72332000732422,0.0017029328287606433
2943154,N,3.3000000000000003,6.891864776611328,11.223788261413574,31.229265213012695,0.0005324813631522897
2943160,N,48.0,13.252687454223633,24.863330841064453,48.77520751953125,0.052795031055900624
2943164,N,27.3,13.964824676513672,24.078012466430664,31.866615295410156,0.0019646365422396855
2943165,Y,123.0,18.660669326782227,30.8441162109375,51.479713439941406,0.11164515243065092
2943169,N,27.7,0.6965890526771545,1.265259027481079,3.1922149658203125,0.0
2943179,N,17.0,11.349813461303711,24.632646560668945,32.90141296386719,0.01568627450980392
2943186,N,76.2,9.105384826660156,18.250141143798828,36.035621643066406,0.005509641873278237
2943201,N,80.9,22.249414443969727,34.374691009521484,47.91471862792969,0.23774403470715835
2943204,Y,31.400000000000002,13.35754680633545,20.319442749023438,31.10854148864746,0.00199203187250996
2943205,Y,112.10000000000001,17.484472274780273,30.95635414123535,44.51698684692383,0.11810139025417779
2943207,Y,21.900000000000002,17.977371215820312,27.366600036621094,36.17909622192383,0.05555555555555555
2943210,N,22.0,1.3408914804458618,2.2907345294952393,3.6057350635528564,0.0
2943222,N,33.0,1.9903331995010376,4.083588600158691,8.249293327331543,0.0
2943230,N,83.4,10.478560447692871,17.613658905029297,40.57618713378906,0.017543859649122806
2943234,Y,51.5,32.368557929992676,45.289329528808594,58.717185974121094,0.7710487444608567
2943235,N,1.0,14.152217864990234,16.609046936035156,21.27147674560547,0.0
2943236,N,1.0,12.413050651550293,14.472845077514648,16.301193237304688,0.0
2943245,N,69.4,10.146629333496094,13.704949378967285,32.8328971862793,0.003964059196617336
2943250,N,5.0,6.0924601554870605,9.549253463745117,13.87183952331543,0.0
2943251,Y,84.0,14.936295986175537,29.367694854736328,40.84854507446289,0.09151973131821999
2943252,N,29.300000000000004,0.9695761799812317,1.7694960832595825,5.225909233093262,0.0
2943253,N,124.0,6.552373677492142,21.021240234375,28.179964065551758,0.0
2943254,N,8.2,1.8210622072219849,3.1578621864318848,6.9793701171875,0.0
2943255,N,27.1,4.438267707824707,6.967399597167969,10.169257164001465,0.0
2943257,N,9.700000000000001,8.471325874328613,10.747187614440918,16.986942291259766,0.0
2943261,N,4.0,11.50577163696289,19.09146499633789,23.513710021972656,0.0
2943266,Y,105.0,14.840328693389893,24.798877716064453,38.01374435424805,0.02334363199450738
2943269,Y,48.3,26.773083686828613,43.18749237060547,61.037513732910156,0.5482640213658909
2943273,Y,88.5,9.7860689163208,17.580846786499023,40.540008544921875,0.0038887808671981333
2943280,N,8.5,7.819877624511719,10.023053169250488,13.056191444396973,0.0
2943282,Y,35.2,31.15559959411621,41.82018280029297,50.94404983520508,0.5663682366679642
2943283,N,1.0,7.443463325500488,10.50931167602539,13.289523124694824,0.0
2943285,Y,135.2,29.90659305027553,43.10176467895508,49.475399017333984,0.75
2943287,Y,40.0,14.970280647277832,24.090560913085938,32.55794906616211,0.0036036036036036037
2943288,N,32.0,14.368487358093262,26.739147186279297,34.6483268737793,0.03567383918459796
2943296,Y,78.9,11.589179992675781,19.043838500976562,50.66767883300781,0.017494470138749246
2943299,Y,39.0,12.36611270904541,19.534175872802734,41.1765251159668,0.010113780025284451
2943300,N,18.0,7.077275276184082,11.241525650024414,12.29582405090332,0.0
2943301,Y,39.2,20.96879005432129,27.706987380981445,42.31924819946289,0.06178217821782178
2943302,Y,29.1,20.8786039352417,29.830533981323242,36.691837310791016,0.09453781512605042
2943307,N,3.0,2.7588181495666504,8.448123931884766,9.787148475646973,0.0
2943308,N,8.0,9.316635131835938,15.70781135559082,27.861051559448242,0.0
2943323,N,52.5,13.199692408243815,22.239246368408203,35.35425567626953,0.022502744237102086
2943333,N,57.0,8.559652328491211,16.6746826171875,35.56643295288086,0.0017391304347826088
2943335,N,36.300000000000004,16.65336036682129,25.652877807617188,36.93805694580078,0.026724137931034484
2943336,N,34.7,20.22227668762207,29.45574188232422,37.789058685302734,0.07619477006311992
2943337,N,2.5,14.24336051940918,19.842424392700195,22.114784240722656,0.0
2943338,N,148.5,2.991403579711914,7.896722316741943,11.52474594116211,0.0
2943339,Y,19.0,10.696406364440918,16.193931579589844,24.511518478393555,0.0
2943340,Y,44.5,11.430877367655436,23.590360641479492,33.17161178588867,0.013513513513513514
2943342,N,4.5,12.31716537475586,22.732370376586914,34.184478759765625,0.010238907849829351
2943343,N,14.0,9.467496871948242,15.846540451049805,26.158161163330078,0.0
2943344,Y,195.0,14.24443244934082,27.33419418334961,37.86280822753906,0.04603370324702014
2943350,N,8.0,1.5130062103271484,2.46000599861145,3.9699831008911133,0.0
2943352,Y,174.3,17.313966751098633,30.924381256103516,44.55031967163086,0.11565733997700268
2943354,N,12.0,7.598930358886719,12.302563667297363,25.417728424072266,0.0
2943355,N,15.0,6.2431254386901855,10.09559440612793,22.596477508544922,0.0
2943360,Y,59.300000000000004,18.7161922454834,30.705259323120117,40.518226623535156,0.11764705882352941
2943369,Y,99.2,18.654638290405273,34.97560501098633,49.662925720214844,0.17128189172370878
2943375,N,90.5,6.839893817901611,10.965200424194336,24.86461067199707,0.0
2943376,N,85.2,11.088746070861816,20.584423065185547,37.90406799316406,0.015028673126359502
2943378,Y,58.0,14.171414375305176,27.56897735595703,38.532196044921875,0.0649645390070922
2943380,Y,68.7,18.68227767944336,32.74837875366211,46.89130783081055,0.19231692677070827
2943385,Y,62.0,26.772247314453125,38.346275329589844,47.46879196166992,0.375185368264953
2943386,Y,36.1,26.908178329467773,42.029571533203125,49.78683090209961,0.4121996303142329
2943389,Y,52.0,19.089641571044922,30.089481353759766,41.80936050415039,0.10304942166140904
2943397,Y,185.6,18.93694496154785,30.707279205322266,52.208438873291016,0.11311523294873667
2943398,Y,74.9,21.216615676879883,36.75880813598633,55.46622848510742,0.18294736842105264
2943399,Y,205.0,10.288302421569824,17.52298355102539,29.866596221923828,0.0
2943403,N,6.8,3.7728980779647827,8.982336044311523,13.396638870239258,0.0
2943405,N,38.0,1.8641679286956787,2.29817533493042,21.425155639648438,0.0
2943410,Y,73.0,11.917668342590332,21.38918113708496,34.907203674316406,0.011363636363636364
2943420,N,34.800000000000004,1.1238356828689575,1.9064451456069946,10.867389678955078,0.0
2943423,N,23.0,0.9600254595279694,1.5127207040786743,2.630971670150757,0.0
2943424,N,33.6,3.8926576375961304,6.641936302185059,11.410842895507812,0.0
2943434,N,45.0,7.356518268585205,20.74381446838379,32.99317932128906,0.012025554302893648
2943441,N,1.0,10.86415958404541,12.53609561920166,14.091978073120117,0.0
2943443,N,67.4,4.948481559753418,9.764554977416992,22.00686264038086,0.0
2943446,Y,133.2,10.792448997497559,18.694786071777344,32.168094635009766,0.0007048872180451127
2943450,N,73.0,15.500672340393066,24.988637924194336,40.980159759521484,0.02275568892223056
2943451,N,41.0,16.700519561767578,26.74800682067871,41.14867401123047,0.043085761181780875
2943455,Y,143.0,14.568958759307861,25.815998077392578,48.52834701538086,0.04114611624117327
2943457,N,20.0,19.179784774780273,29.694847106933594,44.170692443847656,0.09112519809825674
2943459,N,20.0,9.877202033996582,18.594579696655273,33.10910415649414,0.0021660649819494585
2943460,N,23.0,8.188918352127075,18.864856719970703,33.494346618652344,0.008859357696566999
2943471,N,50.4,11.894427299499512,20.703523635864258,36.64909744262695,0.016916070266753416
2943487,N,143.0,7.553304036458333,17.401979446411133,28.949800491333008,0.0
2943488,Y,78.0,22.632173538208008,34.49373245239258,44.70012664794922,0.24500322372662797
2943489,Y,101.0,10.970354080200195,19.921459197998047,44.2236442565918,0.021455544112598694
2943491,Y,68.4,15.053877830505371,22.60140037536621,31.660533905029297,0.0004955401387512388
2943495,N,10.0,15.955639839172363,21.848928451538086,31.28506851196289,0.009538950715421303
2943496,N,4.0,13.90544605255127,20.35923194885254,24.89801025390625,0.0
2943497,N,23.7,7.989120244979858,22.893491744995117,34.667884826660156,0.0196078431372549
2943498,Y,257.1,28.183812618255615,41.525203704833984,54.34722137451172,0.7347447073474471
2943501,Y,83.3,15.480327606201172,22.372432708740234,33.25156784057617,0.008866371120962635
2943507,N,29.0,4.844722747802734,8.584953308105469,22.182567596435547,0.0
2943508,N,10.0,3.6706910133361816,6.007868766784668,8.44271469116211,0.0
2943511,Y,41.2,12.655961990356445,20.313016891479492,37.698638916015625,0.010559249120062574
2943513,Y,57.0,11.274262428283691,25.53103256225586,40.389400482177734,0.04661389621811785
2943515,N,6.9,18.014691829681396,30.617679595947266,32.88187789916992,0.1348973607038123
2943518,Y,101.9,32.12102127075195,41.243873596191406,65.31124877929688,0.6282958199356913
2943519,N,86.9,9.556153297424316,20.040327072143555,33.6880989074707,0.003136639874534405
2943520,Y,72.4,11.191680908203125,24.210357666015625,33.72443389892578,0.03694267515923567
2943522,Y,91.5,14.979439735412598,34.700904846191406,47.4659423828125,0.13089005235602094
2943524,Y,24.400000000000002,28.373180389404297,39.18838119506836,49.83671951293945,0.46351824087956023
2943531,N,10.6,1.4654461741447449,3.0060884952545166,4.861299991607666,0.0
2943532,Y,48.7,21.759658813476562,28.71735954284668,39.35457992553711,0.0600929614873838
2943537,N,35.0,2.8831698894500732,5.253789901733398,13.32000732421875,0.0
2943538,N,67.0,3.637192964553833,6.708410263061523,16.130996704101562,0.0
2943539,Y,109.5,29.058528900146484,39.1907958984375,50.83454513549805,0.5153674832962138
2943541,Y,117.0,16.92359161376953,33.03697967529297,50.260475158691406,0.134730103302779
2943548,N,7.0,1.5141061544418335,3.3797309398651123,6.644830703735352,0.0
2943555,N,59.5,8.365323066711426,15.080904006958008,28.78078269958496,0.0
2943558,Y,146.0,22.63686752319336,41.20928955078125,64.77589416503906,0.25333333333333335
2943562,Y,49.6,36.899967193603516,44.61585235595703,56.49080276489258,0.8344980940279543
2943563,Y,74.3,11.630058288574219,16.948192596435547,25.726789474487305,0.0
2943564,Y,78.10000000000001,25.48940658569336,34.63816833496094,42.14495086669922,0.3509987770077456
2943569,N,9.5,7.88161039352417,11.706335067749023,15.661916732788086,0.0
2943570,N,12.0,7.261033535003662,11.345561027526855,15.633299827575684,0.0
2943571,Y,50.800000000000004,31.044567108154297,42.30972671508789,55.503013610839844,0.5872821767043718
2943573,N,50.0,1.8740142583847046,2.5559375286102295,38.76951217651367,0.007679180887372013
2943581,N,58.0,6.8488593101501465,14.561975479125977,24.58563804626465,0.0
2943590,Y,94.5,18.06140899658203,28.467416763305664,40.139747619628906,0.05778491171749599
2943598,Y,100.0,26.455806732177734,39.4195556640625,52.850433349609375,0.4262725779967159
2943599,N,52.0,3.9802663326263428,6.01743221282959,11.469114303588867,0.0
2943607,N,1.1,13.385461807250977,16.428207397460938,18.044496536254883,0.0
2943610,Y,37.0,12.003668785095215,18.34596824645996,32.386966705322266,0.002167316861725184
2943616,N,23.400000000000002,8.769325256347656,16.562814712524414,32.37113952636719,0.009333333333333334
2943617,N,6.0,14.83481216430664,27.932878494262695,34.683780670166016,0.05763688760806916
2943620,N,1.7,6.754840850830078,10.022136688232422,15.140615463256836,0.0
2943621,N,7.8,14.042951583862305,17.666934967041016,21.24360466003418,0.0
2943623,N,2.5,1.4056153297424316,1.9647624492645264,2.4578022956848145,0.0
2943624,Y,132.0,10.161789894104004,17.809144973754883,36.30482482910156,0.005343624758794715
2943635,Y,67.0,10.826991081237793,28.105571746826172,42.3012580871582,0.07921381774865992
2943637,N,8.0,8.829854011535645,18.737485885620117,21.417800903320312,0.0
2943640,N,128.0,5.112281799316406,10.390730857849121,23.33174705505371,0.0
2943644,N,10.0,3.6906357606252036,5.540125370025635,5.870500087738037,0.0
2943650,N,6.6000000000000005,15.691712379455566,21.826868057250977,29.8216495513916,0.0
2943651,N,5.0,3.4091081619262695,4.595869541168213,6.243277072906494,0.0
2943655,N,35.0,6.336006164550781,15.291499137878418,48.311729431152344,0.033789954337899546
2943658,N,2.8,6.98363184928894,9.165729522705078,20.931135177612305,0.0
2943667,Y,33.2,21.0411319732666,36.523345947265625,47.66069412231445,0.2528684907325684
2943669,N,12.0,11.459062576293945,17.9503116607666,27.46433448791504,0.0
2943675,N,27.6,7.262540340423584,11.68430233001709,17.966386795043945,0.0
2943676,N,72.10000000000001,10.373331069946289,17.754533767700195,28.36060905456543,0.0
2943686,N,10.0,2.874356508255005,4.2762322425842285,6.124976634979248,0.0
2943691,Y,47.800000000000004,12.175006866455078,23.643741607666016,33.98757553100586,0.01709873138444567
2943695,N,8.0,14.860231399536133,24.715694427490234,37.89850616455078,0.04783599088838269
2943697,Y,102.0,12.711380322774252,24.9156494140625,42.585487365722656,0.024454725710508923
2943711,Y,73.5,21.876441955566406,32.43983459472656,40.85031509399414,0.1924342105263158
2943717,Y,31.900000000000002,27.483720779418945,37.354400634765625,47.559165954589844,0.39877613462519124
2943723,N,5.0,15.366058349609375,24.343290328979492,29.374248504638672,0.0
2943727,N,3.0,20.996736526489258,34.3000602722168,41.0521354675293,0.2109375
2943728,N,12.0,13.619606018066406,29.88347625732422,33.305606842041016,0.09963547995139732
2943731,Y,92.5,17.021102905273438,25.056903839111328,39.05791473388672,0.020684977958630044
2943740,Y,60.7,9.128440856933594,16.169334411621094,29.50676155090332,0.0
2943745,N,22.3,6.139606952667236,22.88427734375,32.5459098815918,0.008140531276778063
2943748,Y,49.0,11.978387832641602,18.627944946289062,27.904151916503906,0.0
2943751,N,25.0,6.820174694061279,9.303033828735352,21.614986419677734,0.0
2943761,Y,105.8,25.668441772460938,39.79570007324219,58.13417434692383,0.33879865154765554
2943762,Y,68.60000000000001,19.032793045043945,28.79392433166504,40.113800048828125,0.0720529175525632
2943763,Y,83.3,34.820640563964844,43.73992919921875,55.223331451416016,0.768377253814147
2943764,Y,36.2,29.56340789794922,41.60361862182617,51.21440887451172,0.5095343680709534
2943766,Y,18.0,11.361713409423828,16.829980850219727,37.73175811767578,0.05348133198789102
2943776,Y,89.0,14.25570297241211,23.11524772644043,40.658966064453125,0.00876538604998135
2943779,N,8.5,3.2586917877197266,6.388613700866699,10.985901832580566,0.0
2943780,Y,85.0,8.453690528869629,12.822029113769531,25.285381317138672,0.0
2943782,N,37.0,0.9140992760658264,1.7256193161010742,4.706658363342285,0.0
2943783,N,13.100000000000001,1.8588451147079468,3.1956100463867188,5.173287391662598,0.0
2943785,Y,93.9,19.975168228149414,29.176910400390625,40.64438247680664,0.07452547452547452
2943793,N,17.0,6.059824705123901,8.830917358398438,11.026948928833008,0.0
2943797,Y,39.4,31.392290115356445,41.33639144897461,56.190032958984375,0.6042605489553462
2943799,N,65.0,20.766860961914062,38.966796875,57.992576599121094,0.16032148900169205
2943800,N,31.5,2.2073473930358887,11.572525024414062,20.346792221069336,0.0
2943808,N,65.0,11.046448707580566,17.391714096069336,24.547910690307617,0.0
2943809,Y,89.0,14.745527267456055,28.108871459960938,45.93392562866211,0.07827059262020127
2943819,Y,109.5,33.12472152709961,42.31720733642578,55.68025207519531,0.7126147468167012
2943820,Y,75.4,15.612566471099854,29.751415252685547,37.44863510131836,0.09483488569009314
2943821,Y,49.0,15.102853775024414,25.39206314086914,37.86929702758789,0.031170483460559797
2943822,Y,73.7,33.98493957519531,43.81700897216797,53.193878173828125,0.7212903225806452
2943823,Y,42.7,24.400056838989258,34.35371780395508,41.244300842285156,0.36963819470346887
2943824,Y,94.8,22.17644500732422,32.755767822265625,55.25368881225586,0.18169422191920914
2943830,N,6.0,18.870105743408203,29.13488006591797,39.39056396484375,0.08505154639175258
2943837,Y,93.2,22.448728561401367,32.40848159790039,48.19718551635742,0.16266907123534716
2943838,Y,94.3,15.461015701293945,33.342552185058594,58.48856735229492,0.131592164741336
2943841,Y,72.60000000000001,8.80491828918457,14.156597137451172,30.318363189697266,0.0004528985507246377
2943846,N,9.0,10.786540031433105,15.813081741333008,25.735301971435547,0.0
2943849,N,36.2,15.69399356842041,28.066970825195312,41.43450927734375,0.06873905429071804
2943850,Y,45.5,10.11473560333252,17.353012084960938,36.23707580566406,0.007429420505200594
2943853,N,15.0,12.761216163635254,21.804506301879883,43.695289611816406,0.01407035175879397
2943857,N,39.0,3.2588957945505777,7.507519721984863,16.817150115966797,0.0
2943859,N,35.0,4.4469499588012695,12.223209381103516,27.9007511138916,0.0
2943861,Y,45.0,10.431730270385742,19.0450382232666,32.15083694458008,0.0021180831347630395
2943870,Y,121.0,15.962958335876465,28.732818603515625,51.45695877075195,0.07957195774454658
2943874,Y,30.0,9.39908504486084,14.57258129119873,19.634475708007812,0.0
2943876,N,4.1,1.5968923568725586,2.40948224067688,9.874506950378418,0.0
2943878,N,6.0,9.188980102539062,12.343173027038574,15.031603813171387,0.0
2943886,Y,97.3,12.855100631713867,22.322731018066406,46.62387466430664,0.038047138047138045
2943890,Y,59.0,17.61663055419922,29.4502010345459,43.174922943115234,0.08646129950815429
2943891,Y,29.5,14.993600845336914,23.39975929260254,40.053077697753906,0.055615550755939526
2943909,N,15.0,10.195698738098145,18.472610473632812,26.154264450073242,0.0
2943910,Y,120.0,15.337133407592773,27.374042510986328,45.0484619140625,0.0723128868880135
2943914,N,20.0,2.7345752716064453,4.10335636138916,5.800491809844971,0.0
2943917,N,20.1,2.704578161239624,7.4605183601379395,10.189496040344238,0.0
2943918,N,6.0,2.036219358444214,3.061448335647583,4.746842384338379,0.0
2943920,N,2.0,16.15998077392578,31.24179458618164,37.15644454956055,0.13725490196078433
2943921,N,6.0,3.6560704708099365,5.916599750518799,10.307149887084961,0.0
2943929,N,35.0,4.012028694152832,9.801711082458496,34.633522033691406,0.004461795872838818
2943930,N,15.0,1.7716505527496338,2.760265827178955,3.8100388050079346,0.0
2943933,Y,89.0,11.955020904541016,24.319055557250977,35.962852478027344,0.03571428571428571
2943937,Y,199.39999999999998,8.39890710512797,27.873958587646484,40.755306243896484,0.06466019417475728
2943940,Y,44.0,18.01637840270996,31.219160079956055,38.25446319580078,0.14046822742474915
2943941,Y,141.0,14.669138272603353,26.629926681518555,41.283512115478516,0.034079084287200835
2943942,N,9.8,1.3399262428283691,2.581714391708374,4.909871578216553,0.0
2943943,N,4.9,1.1641124486923218,1.901821255683899,3.8024532794952393,0.0
2943951,N,30.0,2.5273220539093018,4.8897223472595215,10.71474552154541,0.0
2943952,Y,25.2,26.315387725830078,37.78836441040039,41.9599723815918,0.3776595744680851
2943954,N,3.0,11.91656494140625,16.490324020385742,21.072885513305664,0.0
2943955,N,13.200000000000001,5.96171247959137,15.137799263000488,26.408649444580078,0.0
2943957,N,36.0,13.01513957977295,17.974123001098633,28.784381866455078,0.0
2943960,Y,23.7,25.283557891845703,35.016048431396484,42.123779296875,0.3344262295081967
2943962,Y,99.7,17.38064193725586,27.080856323242188,38.18777084350586,0.04103221670139445
2943964,Y,69.60000000000001,25.903276443481445,38.15550231933594,48.27497482299805,0.4034425842961566
2943967,Y,97.0,16.371906280517578,25.532073974609375,38.40666198730469,0.022727272727272728
2943975,Y,74.0,20.97154426574707,29.466196060180664,46.47758483886719,0.08791946308724832
2943976,Y,130.0,11.753105163574219,21.344934463500977,38.79279708862305,0.00758382118147951
2943977,N,96.0,15.017330169677734,26.59925651550293,41.277801513671875,0.04035330793210946
2943978,N,43.5,8.05576229095459,13.93238353729248,28.426515579223633,0.0
2943982,Y,90.4,11.157167434692383,20.51741600036621,42.7889404296875,0.014421445537835087
2943987,Y,77.8,18.08846092224121,31.148761749267578,52.24867248535156,0.11995776135163674
2943988,N,10.0,18.83747673034668,26.7626953125,40.864723205566406,0.04786324786324787
2943989,N,18.0,5.605428218841553,9.676127433776855,16.079256057739258,0.0
2943990,N,46.0,2.85870099067688,5.069001197814941,26.83758544921875,0.0
2943993,Y,90.0,11.7189359664917,26.990345001220703,41.07200622558594,0.06593968308059295
2943994,N,101.0,7.4204747676849365,19.777698516845703,45.73246383666992,0.045576407506702415
2943995,N,66.5,6.193466067314148,27.651338577270508,36.876686096191406,0.060503251342946
2944003,Y,118.4,15.621792793273926,26.208114624023438,42.9942626953125,0.04091233071988596
2944009,Y,62.5,24.421621322631836,36.10688400268555,49.40610885620117,0.38105606967882416
2944016,Y,112.0,17.16281509399414,26.948122024536133,44.902164459228516,0.06442098727103385
2944017,Y,48.0,24.271318435668945,35.9581184387207,51.67090606689453,0.28158347676419965
2944025,N,130.0,11.88288402557373,25.167091369628906,41.10369873046875,0.038762777114031595
2944028,Y,86.0,24.82368278503418,35.32358169555664,46.304344177246094,0.2881009205591544
2944032,Y,162.0,12.176575660705566,20.422258377075195,32.64655303955078,0.0016842105263157896
2944033,Y,1039.9,15.488256791058708,35.04670333862305,45.80520248413086,0.1865129105038857
2944034,Y,21.0,3.962243914604187,12.62981128692627,28.265247344970703,0.0
2944036,Y,93.9,31.479751586914062,39.60088348388672,53.6129264831543,0.6247026843357119
2944037,Y,47.0,8.687233924865723,12.41502571105957,21.56644630432129,0.0
2944038,Y,93.2,28.15835952758789,39.111656188964844,57.16755676269531,0.46093349290477004
2944039,Y,107.8,11.373141288757324,19.645673751831055,38.05458450317383,0.0036275695284159614
2944041,N,59.7,8.186203002929688,17.49581527709961,44.247596740722656,0.010638297872340425
2944045,Y,127.0,12.254079818725586,22.908275604248047,36.908748626708984,0.024820143884892086
2944047,Y,16.0,12.168708801269531,19.212568283081055,34.077552795410156,0.003827751196172249
2944049,Y,66.0,19.46109390258789,31.938013076782227,53.00644302368164,0.14571948998178508
2944051,N,20.700000000000003,6.828059911727905,20.394514083862305,28.239166259765625,0.0
2944052,N,1.5,1.2744709253311157,2.036437511444092,3.8886160850524902,0.0
2944056,Y,24.400000000000002,12.70297622680664,19.420053482055664,25.0396785736084,0.0
2944061,Y,68.2,19.704288482666016,30.192787170410156,40.550350189208984,0.1092964824120603
2944073,N,2.5,9.97358751296997,18.421796798706055,20.897817611694336,0.0
2944075,Y,93.6,13.507266998291016,25.35629653930664,47.488807678222656,0.04680290046143705
2944076,N,452.0,24.019325256347656,39.9070930480957,54.18191146850586,0.4113358215432688
2944087,Y,64.1,25.5881404876709,37.386138916015625,52.9805793762207,0.2977867203219316
2944091,Y,79.5,16.96575927734375,26.79041290283203,45.070987701416016,0.051371571072319204
2944095,Y,70.0,18.705156326293945,33.33647918701172,46.8829231262207,0.1921760391198044
2944099,Y,84.3,15.011085510253906,26.060894012451172,43.26832580566406,0.04466209598432909
2944100,Y,40.0,27.484174728393555,38.3832893371582,48.448184967041016,0.42936802973977695
2944110,N,1.7,11.156414031982422,26.948339462280273,38.9304084777832,0.07741935483870968
2944125,N,21.0,8.806351661682129,17.053171157836914,25.705543518066406,0.0
2944133,N,31.0,2.1689507961273193,3.3257784843444824,8.903504371643066,0.0
2944144,Y,66.7,11.22529125213623,19.225614547729492,38.45208740234375,0.012395648874272705
2944146,Y,145.1,15.638559341430664,26.796289443969727,43.026912689208984,0.04810038340885326
2944150,Y,90.5,18.98813247680664,31.30845069885254,47.74187088012695,0.13325888702773125
2944151,Y,20.3,10.872224807739258,19.459314346313477,35.512451171875,0.01122754491017964
2944152,N,5.0,8.82991647720337,15.612346649169922,16.6129207611084,0.0
2944153,N,131.0,5.025597035884857,25.777339935302734,32.97630310058594,0.011940298507462687
2944156,N,70.0,21.44244384765625,32.62674331665039,49.44153594970703,0.169775826932121
2944158,N,5.0,1.9620572328567505,2.773747682571411,3.7271230220794678,0.0
2944163,Y,79.8,15.223057746887207,25.80233383178711,42.035099029541016,0.043264503441494594
2944164,N,10.0,10.109140396118164,15.82266616821289,21.221601486206055,0.0
2944165,N,8.0,4.492605686187744,7.564518451690674,9.871662139892578,0.0
2944166,Y,25.6,10.374009132385254,17.046653747558594,29.617555618286133,0.0
2944167,N,1.5,2.7915878295898438,4.010990619659424,10.113364219665527,0.0
2944168,N,28.0,1.277594804763794,2.6155288219451904,4.030148506164551,0.0
2944169,N,20.0,6.916372776031494,9.521495819091797,14.491354942321777,0.0
2944170,Y,160.0,9.139259576797485,19.550521850585938,36.27152633666992,0.003925845147219193
2944171,Y,125.0,16.941734313964844,26.787334442138672,41.12091827392578,0.04630788485607009
2944177,N,1.5,9.452277183532715,12.536264419555664,26.136863708496094,0.0
2944182,N,9.0,11.261405944824219,20.765792846679688,32.655094146728516,0.014466546112115732
2944183,Y,29.400000000000002,13.8126859664917,24.71613311767578,38.213157653808594,0.034318901795142555
2944184,Y,36.7,10.696098327636719,18.756187438964844,31.254674911499023,0.0009823182711198428
2944186,Y,51.5,9.898459434509277,16.26597785949707,30.22171974182129,0.0003125
2944187,N,37.7,17.971355438232422,27.819721221923828,38.73806381225586,0.05965665236051502
2944191,N,52.7,10.25986099243164,20.407947540283203,36.44552230834961,0.012104283054003724
2944192,Y,62.0,9.046138763427734,13.999295234680176,36.89826965332031,0.009913905557004957
2944196,Y,203.6,25.032334327697754,48.583335876464844,69.37556457519531,0.7195652173913043
2944199,N,14.0,11.648807525634766,23.290206909179688,28.773134231567383,0.0
2944200,N,25.7,12.277387142181396,20.83439064025879,28.17777442932129,0.0
2944202,N,30.0,9.865952491760254,23.431764602661133,37.70891571044922,0.027089337175792507
2944207,N,2.5,0.5250450968742371,0.7477114200592041,0.8569810390472412,0.0
2944208,N,3.0,1.1733548641204834,2.057079315185547,4.738620758056641,0.0
2944210,N,18.0,10.351329684257507,22.561948776245117,28.386558532714844,0.0
2944212,Y,79.9,25.83734703063965,37.53912353515625,49.35567092895508,0.37272036474164133
2944217,N,57.0,8.42674994468689,16.151681900024414,33.19498825073242,0.006622516556291391
2944218,N,7.0,8.654975891113281,16.425039291381836,25.413114547729492,0.0
2944224,N,43.0,8.632196267445883,18.31922149658203,25.60161590576172,0.0
2944232,N,39.300000000000004,4.356301784515381,8.372664451599121,33.802734375,0.0013404825737265416
2944236,N,10.0,14.955876350402832,25.4904727935791,30.031431198120117,0.0025252525252525255
2944239,N,7.3,10.641749302546183,22.91775131225586,26.103160858154297,0.0
2944254,Y,63.4,10.29625415802002,17.729780197143555,36.47331619262695,0.009479887266205482
2944259,N,3.0,13.517862319946289,26.771013259887695,30.6380558013916,0.024390243902439025
2944261,Y,68.5,14.852972984313965,27.11631202697754,45.198848724365234,0.05131729667812142
2944264,N,9.6,2.8025906085968018,6.7184906005859375,23.938751220703125,0.0
2944266,Y,249.0,16.726176102956135,38.2482795715332,52.05122756958008,0.35517241379310344
2944268,Y,115.5,18.537110805511475,29.99038314819336,40.80275344848633,0.10077519379844961
2944275,N,2.0,2.9249918460845947,3.894970655441284,5.0251617431640625,0.0
2944277,N,122.0,8.093755722045898,14.007115364074707,33.527339935302734,0.003110859728506787
2944279,Y,90.2,19.16075897216797,28.533714294433594,41.938751220703125,0.07489067055393586
2944281,Y,136.4,11.617073059082031,19.799840927124023,36.787235260009766,0.007038123167155425
2944285,Y,122.0,23.73896026611328,35.80647659301758,50.6037712097168,0.3361382419233659
2944287,N,122.0,9.75927766164144,23.53268814086914,33.62188720703125,0.006284658040665434
2944289,N,7.8,1.0013439655303955,1.9962003231048584,4.479203701019287,0.0
2944292,Y,46.0,11.61038875579834,18.39429473876953,33.69704055786133,0.005614266842800529
2944294,Y,48.300000000000004,13.4561185836792,23.674922943115234,34.73368453979492,0.02279686968356584
2944296,N,12.0,10.952608585357666,23.03084945678711,30.755430221557617,0.012096774193548387
2944297,N,13.0,16.888065338134766,26.95644760131836,38.81410217285156,0.06257521058965103
2944304,N,87.0,12.86682415008545,24.124025344848633,38.778751373291016,0.034489593657086225
2944308,N,48.0,13.605794588724772,23.011974334716797,40.8791389465332,0.03663003663003663
2944311,N,158.0,7.580626010894775,14.632481575012207,24.262893676757812,0.0
2944315,Y,104.5,11.178817749023438,19.63689613342285,34.41419982910156,0.004806248122559327
2944317,Y,41.0,12.387800216674805,19.091875076293945,30.587358474731445,0.0007259528130671506
2944333,N,42.0,9.953814506530762,17.654651641845703,30.591520309448242,0.0008499787505312367
2944335,N,20.0,3.003630042076111,8.06779956817627,12.716412544250488,0.0
2944336,N,3.6,3.1355819702148438,5.682186126708984,8.447591781616211,0.0
2944339,N,255.0,9.266787886619568,25.955434799194336,39.716468811035156,0.048717284270536405
2944346,Y,206.9,12.303871154785156,21.81924819946289,53.1221923828125,0.028346577017114915
2944351,N,5.0,6.9274725914001465,8.84817886352539,9.854503631591797,0.0
2944354,N,46.0,8.672133286794027,16.85044288635254,27.444814682006836,0.0
2944356,N,126.60000000000001,8.611555099487305,25.92411994934082,33.22673797607422,0.01921397379912664
2944357,Y,81.1,11.777831077575684,22.23461151123047,35.29854202270508,0.01622596153846154
2944358,Y,60.7,14.875000953674316,27.82329559326172,37.53464126586914,0.06390532544378698
2944360,Y,78.0,18.888561010360718,32.64067459106445,45.08610534667969,0.20652173913043478
2944361,N,2.5,16.381664276123047,29.97642707824707,32.785118103027344,0.11320754716981132
2944363,N,66.0,1.2612601518630981,2.0007259845733643,3.6428775787353516,0.0
2944364,Y,32.0,15.111037254333496,24.56896209716797,34.323429107666016,0.02298136645962733
2944365,Y,4.5,2.40195369720459,4.9569244384765625,10.112191200256348,0.0
2944370,N,60.0,12.189125537872314,20.070898056030273,30.57965850830078,0.0010649627263045794
2944371,N,71.0,8.287210464477539,20.524700164794922,34.64613342285156,0.006180469715698393
2944373,Y,54.300000000000004,11.36235237121582,25.858606338500977,41.47285079956055,0.05308464849354376
2944374,N,39.0,4.642780780792236,6.163991928100586,12.963041305541992,0.0
2944375,N,7.0,2.24764347076416,3.2682769298553467,5.272069454193115,0.0
2944381,N,5.0,4.446357727050781,6.807537078857422,16.590129852294922,0.0
2944385,N,38.0,10.192688941955566,19.36932945251465,30.603763580322266,0.0030120481927710845
2944387,Y,48.0,18.986207962036133,31.104564666748047,40.36322784423828,0.1370100589663545
2944394,Y,25.0,11.8162202835083,23.10555076599121,39.77860641479492,0.037638376383763834
2944395,N,15.0,9.163664817810059,12.467020988464355,23.477264404296875,0.0
2944398,N,56.4,9.9677095413208,14.832139015197754,23.80545425415039,0.0
2944410,Y,164.0,5.127130508422852,8.541263580322266,21.023632049560547,0.0
2944417,N,22.0,10.64344596862793,17.366912841796875,27.179067611694336,0.0
2944419,Y,45.0,17.625492095947266,25.355798721313477,41.02747344970703,0.03269098417068135
2944429,N,85.8,14.984793663024902,18.736862182617188,34.122657775878906,0.003389830508474576
2944433,N,47.0,12.139884948730469,21.803974151611328,36.90691375732422,0.008430349257326376
2944434,Y,41.0,11.896149635314941,26.773588180541992,40.8515510559082,0.05813499804916114
2944435,N,78.0,14.878811836242676,28.31348419189453,40.76831817626953,0.06685633001422475
2944436,Y,55.800000000000004,14.108081817626953,22.255746841430664,38.36553192138672,0.010380622837370242
2944442,N,35.0,8.569609642028809,14.553653717041016,31.55947494506836,0.0029086678301337987
2944445,N,102.0,9.858741760253906,20.894681930541992,47.26474380493164,0.015511391177896268
2944453,N,15.0,11.836097717285156,22.775005340576172,35.108970642089844,0.016052880075542966
2944454,N,5.0,10.536953926086426,16.447423934936523,23.71862030029297,0.0
2944455,Y,5.0,12.02692985534668,26.16067123413086,46.70770263671875,0.04808475957620212
2944457,N,54.5,10.316623091697693,20.678157806396484,28.267187118530273,0.0
2944458,N,22.0,17.756969451904297,28.196208953857422,38.206146240234375,0.07556368068251067
2944464,Y,93.4,13.732377052307129,23.669960021972656,39.913822174072266,0.015721692590734238
2944466,Y,123.0,17.34825897216797,32.75605010986328,46.702880859375,0.14220307029356316
2944471,Y,10.4,14.464499568939209,32.54639434814453,39.3762321472168,0.17777777777777778
2944482,N,43.0,5.709396839141846,9.043355941772461,22.106111526489258,0.0
2944492,Y,98.4,18.995555877685547,30.238298416137695,40.885459899902344,0.10563501637084267
2944496,N,15.0,2.8532581329345703,7.391188621520996,12.116490364074707,0.0
2944498,Y,59.300000000000004,17.784391403198242,30.486629486083984,45.66997528076172,0.10758331146680661
2944499,Y,62.1,17.166908264160156,28.161418914794922,41.62063217163086,0.06817042606516291
2944500,Y,68.1,31.737653732299805,42.03862380981445,55.09716033935547,0.6062091503267973
2944501,Y,68.60000000000001,28.859811782836914,36.33320236206055,50.51533889770508,0.46756203050307305
2944502,N,3.9000000000000004,20.24049949645996,31.40034294128418,35.88079071044922,0.15289256198347106
2944518,N,49.0,9.558891296386719,15.1380615234375,49.46961975097656,0.008664955070603338
2944520,N,11.0,1.0893677473068237,1.879617691040039,3.035731554031372,0.0
2944523,N,2.5,3.687591075897217,4.772336959838867,5.278036594390869,0.0
2944533,Y,50.4,11.863224983215332,27.1915225982666,45.120880126953125,0.07653743315508021
2944537,Y,61.6,17.106616973876953,27.25093650817871,41.130760192871094,0.04774823657080846
2944541,N,47.5,1.1763187646865845,2.114659070968628,4.889293670654297,0.0
2944543,Y,56.2,16.669626235961914,28.33677864074707,41.603721618652344,0.07031717534410532
2944545,N,74.6,5.3993759751319885,9.794107437133789,18.189638137817383,0.0
2944547,Y,128.0,4.807549953460693,9.246578216552734,34.4175910949707,0.002307901167526473
2944548,N,15.0,0.7167902588844299,1.313976526260376,2.514376401901245,0.0
2944551,Y,119.0,14.064268112182617,22.45989990234375,42.76883316040039,0.027347706554767762
2944554,Y,158.0,11.92551040649414,17.293357849121094,31.0477352142334,0.00010622477161674102
2944557,N,18.2,6.646535396575928,12.374175071716309,16.149961471557617,0.0
2944558,Y,70.60000000000001,15.131068229675293,25.92486572265625,41.2325439453125,0.048574190430159495
2944561,N,54.0,6.356382369995117,15.460519790649414,33.52521514892578,0.0067866627323694305
2944573,Y,18.900000000000002,21.81352996826172,37.905948638916016,44.6219367980957,0.3041958041958042
2944577,N,4.0,2.9973695278167725,7.07195520401001,9.047368049621582,0.0
2944582,N,35.0,12.623537063598633,20.325393676757812,38.65683364868164,0.018518518518518517
2944589,Y,45.6,12.111274719238281,21.453706741333008,42.07651138305664,0.025236593059936908
2944593,Y,90.5,11.934677124023438,20.4014835357666,36.17271423339844,0.0053898670499461015
2944599,N,13.4,8.711495399475098,14.546112060546875,23.23505973815918,0.0
2944600,N,4.0,1.09506356716156,1.9998670816421509,3.0694849491119385,0.0
2944603,Y,33.0,11.199834823608398,17.50030517578125,31.253755569458008,0.0010209290454313426
2944607,N,105.9,5.365229368209839,13.790575981140137,31.85865592956543,0.0004793097938967886
2944610,N,78.9,9.084452629089355,16.720542907714844,32.6302604675293,0.003559463986599665
2944617,N,59.0,7.888556957244873,16.352985382080078,27.3687801361084,0.0
2944621,N,71.0,3.5872750679651895,13.908733367919922,31.03661346435547,0.0002560163850486431
2944622,N,22.0,5.472630023956299,8.522336959838867,16.564802169799805,0.0
2944625,Y,109.0,18.102035522460938,27.535947799682617,43.60606002807617,0.038600913817551596
2944626,Y,17.0,19.18006706237793,43.635597229003906,57.70699691772461,0.3566621803499327
2944628,N,37.0,12.131281852722168,17.41164207458496,28.349735260009766,0.0
2944629,Y,73.9,29.76407241821289,42.267822265625,52.03683853149414,0.5547945205479452
2944638,N,37.0,10.79945182800293,27.775972366333008,50.3928108215332,0.08761467889908257
2944643,Y,125.0,16.899295806884766,27.167341232299805,41.48876953125,0.048339582217461166
2944644,N,8.700000000000001,1.6756633520126343,2.4655344486236572,3.043818712234497,0.0
2944655,N,8.0,9.606922149658203,15.789302825927734,21.130033493041992,0.0
2944657,N,104.0,13.7722806930542,23.447721481323242,35.11051559448242,0.017149328587607184
2944658,N,40.0,3.2963814735412598,4.942334175109863,9.624580383300781,0.0
2944672,Y,107.0,13.535321235656738,22.528011322021484,36.818206787109375,0.014310876265962131
2944686,Y,47.900000000000006,6.529493649800618,17.71895408630371,29.634382247924805,0.0
2944699,Y,34.0,22.834331512451172,35.89606475830078,48.70496368408203,0.28317373461012313
2944705,Y,80.5,12.236234664916992,20.22536849975586,37.20225524902344,0.004864864864864865
2944708,Y,55.0,13.151576042175293,19.978818893432617,29.562301635742188,0.0
2944709,N,8.4,14.415227890014648,20.35109519958496,28.541915893554688,0.0
2944711,Y,53.9,13.236620903015137,19.59499168395996,32.67718505859375,0.004028776978417266
2944725,Y,47.300000000000004,16.630962371826172,25.71281623840332,38.42868423461914,0.032732130928523714
2944726,Y,40.4,8.646673202514648,13.7755126953125,19.30021095275879,0.0
2944730,Y,72.0,15.337712287902832,24.471139907836914,40.16444396972656,0.02278481012658228
2944731,Y,66.0,14.62210464477539,39.03965759277344,50.865318298339844,0.23129251700680273
2944733,N,11.700000000000001,3.055036783218384,5.858499526977539,14.923968315124512,0.0
2944734,Y,96.8,17.31608772277832,27.531492233276367,51.94112777709961,0.05375994802663635
2944735,Y,108.4,16.717254638671875,29.142549514770508,46.51100540161133,0.09053558327219369
2944738,N,53.0,5.755725383758545,9.133315086364746,55.50694274902344,0.013953488372093023
2944745,N,94.0,6.658166885375977,15.254899024963379,35.525596618652344,0.005793150451524962
2944748,Y,56.9,14.563910484313965,26.935579299926758,38.157386779785156,0.04932218055956158
2944750,Y,14.9,7.083802700042725,14.103700637817383,25.219619750976562,0.0
2944751,N,14.0,3.4632928371429443,5.767512321472168,7.4795050621032715,0.0
2944752,Y,57.0,12.808059692382812,21.186758041381836,34.53448486328125,0.00642148277875073
2944758,Y,81.0,19.426782608032227,31.225114822387695,47.18817901611328,0.12868852459016394
2944759,Y,57.0,19.607011795043945,33.3188362121582,47.581668853759766,0.15587734241908008
2944760,Y,59.0,21.980968475341797,35.303627014160156,48.4730110168457,0.2391979666760802
2944761,Y,108.0,13.203822135925293,23.779762268066406,39.597965240478516,0.027782187648833147
2944765,N,14.0,16.758319854736328,23.849958419799805,31.269655227661133,0.002188183807439825
2944774,N,30.0,1.552524487177531,2.8207151889801025,3.844182252883911,0.0
2944777,N,40.2,13.418558835983276,24.441699981689453,27.456727981567383,0.0
2944783,Y,130.0,11.887673377990723,19.472219467163086,38.45488739013672,0.006093918030828056
2944784,Y,95.3,10.211394309997559,20.30466079711914,34.102420806884766,0.002068252326783868
2944787,N,26.2,5.865224997202556,20.147933959960938,31.578872680664062,0.007848266841072597
2944791,N,49.0,14.74997878074646,34.64163589477539,43.554603576660156,0.2266881028938907
2944793,Y,69.8,19.632843017578125,27.7032413482666,39.74757766723633,0.052837123822651044
2944794,Y,68.60000000000001,10.160910606384277,16.028789520263672,42.350929260253906,0.010548523206751054
2944803,Y,18.0,16.981456756591797,29.227951049804688,46.30059814453125,0.08703374777975133
2944805,Y,35.4,15.400032043457031,28.87942886352539,41.059871673583984,0.08823529411764706
2944806,N,5.0,1.4091204404830933,2.9664595127105713,4.206858158111572,0.0
2944808,N,25.0,11.769046783447266,18.74246597290039,30.597375869750977,0.0020325203252032522
2944810,Y,23.2,27.06907081604004,36.445213317871094,44.53900146484375,0.3941018766756032
2944811,N,37.0,3.081392526626587,5.512340545654297,11.388764381408691,0.0
2944814,Y,10.0,11.95322036743164,18.48910140991211,24.851633071899414,0.0
2944815,N,33.0,14.568672180175781,22.27666473388672,35.977561950683594,0.009042553191489361
2944821,Y,123.0,16.769737879435223,37.19580078125,44.529815673828125,0.30590793765857194
2944822,N,1.0,12.604366302490234,14.253771781921387,14.769569396972656,0.0
2944823,Y,24.8,17.337133407592773,26.450441360473633,37.697608947753906,0.04905166775670373
2944825,N,65.0,8.85677433013916,13.679586410522461,43.29079055786133,0.01294665976178146
2944827,Y,149.0,14.446352243423462,28.05078125,39.267852783203125,0.0669811320754717
2944835,Y,83.9,35.001895904541016,41.60541534423828,60.67953109741211,0.8283673469387756
2944838,N,3.0,9.295920372009277,13.668231964111328,17.587039947509766,0.0
PC-FPA-26-8542,N,42.0,2.4805707931518555,3.3961691856384277,20.686174392700195,0.0
PC-FPA-26-8548,Y,79.8,12.409728050231934,23.1833438873291,49.88450241088867,0.05179454115624328
PC-FPA-26-8551,N,16.0,5.934347152709961,8.514330863952637,24.26427459716797,0.0
PC-FPA-26-8554,N,101.0,8.819692293802897,22.670652389526367,33.564212799072266,0.026492851135407905
PC-FPA-26-8555,N,2.0,1.552107334136963,2.4539217948913574,2.7580020427703857,0.0
PC-FPA-26-8580,N,138.0,17.029277801513672,26.36591911315918,35.71541976928711,0.01806199658286551
PC-FPA-26-8581,N,17.0,7.241451740264893,13.031013488769531,21.922229766845703,0.0
PC-FPA-26-8597,N,14.9,1.2484500408172607,1.9983530044555664,7.039748668670654,0.0
PC-FPA-26-8622,N,8.0,1.2654608488082886,2.179290294647217,4.697505474090576,0.0
PC-FPA-26-8636,Y,22.400000000000002,34.94709777832031,41.920650482177734,49.51786422729492,0.8124536693847294
PC-FPA-26-8641,N,11.0,4.432460784912109,9.5855712890625,12.08556079864502,0.0
PC-FPA-26-8658,Y,90.2,15.059369087219238,27.686338424682617,41.23994445800781,0.06855575868372943
PC-FPA-26-8689,N,123.9,13.420351028442383,21.893131256103516,42.154762268066406,0.007241518036743999
PC-FPA-26-8692,N,21.0,1.3460558652877808,2.558304786682129,4.890570640563965,0.0
PC-FPA-26-8709,Y,4.0,7.505616664886475,12.261842727661133,34.654476165771484,0.00949367088607595
PC-FPA-26-8713,Y,64.9,33.63817596435547,39.723201751708984,54.499244689941406,0.7678746327130265
PC-FPA-26-8717,Y,99.3,17.38431167602539,26.723674774169922,43.464962005615234,0.04059932334461092
PC-FPA-26-8722,Y,87.2,16.46265983581543,31.746417999267578,43.382110595703125,0.1412953795379538
PC-FPA-26-8744,Y,5.7,17.026484489440918,28.07921600341797,36.395816802978516,0.06278026905829596
PC-FPA-26-8748,N,51.0,1.9388790130615234,5.081289291381836,11.410633087158203,0.0
PC-FPA-26-8758,N,7.9,3.5378310680389404,5.381616592407227,14.313642501831055,0.0
PC-FPA-26-8767,N,54.300000000000004,8.148903846740723,16.522253036499023,32.24319076538086,0.00030376670716889426
PC-FPA-26-8769,Y,9.0,12.720208168029785,18.706132888793945,28.091842651367188,0.0
PC-FPA-26-8780,N,19.3,12.501034100850424,22.21099281311035,33.10118865966797,0.004835589941972921
PC-FPA-26-8796,Y,86.60000000000001,6.5241827964782715,12.365617752075195,28.752727508544922,0.0
PC-FPA-26-8798,Y,56.7,28.53826141357422,38.047157287597656,47.47041320800781,0.45380116959064326
PC-FPA-26-8799,N,3.2,4.975940704345703,10.850122451782227,18.298839569091797,0.0
PC-FPA-26-8801,Y,130.0,13.86732006072998,24.55689811706543,47.92441940307617,0.037903976592632
PC-FPA-26-8804,Y,128.0,23.650880813598633,35.838748931884766,50.61973190307617,0.30677966101694915
PC-FPA-26-8815,N,6.0,2.0194852352142334,3.0544421672821045,15.571698188781738,0.0
PC-FPA-26-8826,Y,24.3,11.093710899353027,22.829025268554688,38.12495422363281,0.02461139896373057
PC-FPA-26-8828,Y,203.9,12.370471954345703,27.544389724731445,32.696319580078125,0.03787878787878788
PC-FPA-26-8865,Y,32.0,9.945664405822754,16.611968994140625,28.54730987548828,0.0
PC-FPA-26-8868,Y,84.10000000000001,12.982421875,23.38026237487793,54.40304183959961,0.04133514457597516
PC-FPA-26-8875,N,2.0,6.075870990753174,9.096868515014648,11.129871368408203,0.0
PC-FPA-26-8876,Y,2.6,15.206506729125977,24.489049911499023,31.988330841064453,0.022857142857142857
PC-FPA-26-8879,N,57.0,10.241387367248535,17.220714569091797,38.619319915771484,0.005331302361005331
PC-FPA-26-8907,Y,156.3,17.132631301879883,31.724102020263672,44.174190521240234,0.12742382271468145
PC-FPA-26-8909,N,72.9,9.863595962524414,18.41633415222168,28.620885848999023,0.0
PC-FPA-26-8917,Y,120.0,13.286642074584961,24.21584129333496,41.7369499206543,0.03546487744762426
PC-FPA-26-8920,Y,54.800000000000004,13.645147323608398,22.62918472290039,37.47500228881836,0.0244120273891039
PC-FPA-26-8922,Y,73.2,33.96652603149414,41.57240295410156,50.29673385620117,0.8037278239389176
PC-FPA-26-8924,Y,71.9,14.427474975585938,22.20700454711914,36.546783447265625,0.01504941599281222
PC-FPA-26-8927,Y,101.10000000000001,31.519542694091797,40.32868957519531,50.00410079956055,0.6251988545975183
PC-FPA-26-8940,Y,54.4,33.1649284362793,42.51621627807617,53.231014251708984,0.7171888230313294
PC-FPA-26-8943,Y,144.0,14.173795700073242,23.196937561035156,40.85736083984375,0.022851053753255978
PC-FPA-26-8946,N,3.0,15.156596183776855,25.723865509033203,37.73858642578125,0.061224489795918366
PC-FPA-26-8948,Y,72.7,12.455305099487305,23.47291374206543,38.65834426879883,0.01571621014818141
PC-FPA-26-8949,Y,69.8,25.85918617248535,35.89276885986328,54.01585388183594,0.2799554565701559
PC-FPA-26-8971,Y,79.0,21.259206771850586,34.13050842285156,45.829833984375,0.195416164053076
PC-FPA-26-8976,N,122.7,5.773407936096191,9.07433795928955,20.382471084594727,0.0
PC-FPA-26-8984,N,45.0,9.80045223236084,17.078771591186523,25.494338989257812,0.0
PC-FPA-26-8989,N,36.0,17.851266860961914,29.87895965576172,40.0215950012207,0.0958967266021208
PC-FPA-26-8990,N,6.7,10.864058494567871,16.739578247070312,30.84161949157715,0.0044444444444444444
PC-FPA-26-8995,Y,55.800000000000004,12.28518295288086,21.137468338012695,31.30434226989746,0.0016849199663016006
PC-FPA-26-8996,Y,133.3,8.128396034240723,15.054098129272461,31.130552291870117,0.0003477051460361613
PC-FPA-26-9000,N,8.0,16.678754806518555,24.8347110748291,34.37826919555664,0.025684931506849314
PC-FPA-26-9039,Y,62.5,13.449809074401855,27.783302307128906,52.6506462097168,0.07682425488180884
PC-FPA-26-9058,Y,68.1,8.419492721557617,13.260515213012695,24.09276008605957,0.0
PC-FPA-26-9072,N,25.0,14.33076286315918,23.610645294189453,35.26750946044922,0.00856269113149847
PC-FPA-26-9110,Y,71.2,14.844182968139648,26.320493698120117,40.97800827026367,0.04078413699864804
PC-FPA-26-9160,Y,83.8,14.562220573425293,25.97591781616211,44.65314483642578,0.046704331450094165
PC-FPA-26-9164,Y,84.0,22.33390235900879,35.145263671875,56.21050262451172,0.22048743335872048
PC-FPA-26-9168,N,68.0,5.595959186553955,10.306087493896484,19.063810348510742,0.0
PC-FPA-26-9170,N,6.0,19.546733856201172,30.255313873291016,38.258243560791016,0.10582010582010581
