stand_x,stand_y,n_stems,mean_h,max_h,mean_cai,dom_h,forest_frac,flat_frac,forest_ha,stems_per_ha,age_est,mai,cai,cai_pct,slowness,maturity_pct,priority,ready
364600,6686400,62,27.80709683510565,32.47999954223633,0.16934141036002867,27.80709683510565,0.9436,0.0268,0.9436,65.70580754557015,181.39404920061588,0.1532966321533068,0.16934141036002867,0.0975609756097561,0.9024390243902439,0.9878048780487805,0.9408536585365854,False
364400,6685900,66,25.14499990867846,35.099998474121094,0.052411609827870076,25.14499990867846,0.9157,0.0116,0.9157,72.0760074260129,127.4865105658927,0.19723655308364577,0.052411609827870076,0.012195121951219513,0.9878048780487805,0.8658536585365854,0.9329268292682927,True
364100,6686100,68,24.56926472046796,34.25,0.13931372235803044,24.56926472046796,0.9012,0.0081,0.9012,75.4549489569463,115.62057696544198,0.21249906690754108,0.13931372235803044,0.06097560975609756,0.9390243902439024,0.8414634146341463,0.8951219512195122,True
364600,6685900,54,27.433518515692818,34.869998931884766,0.2366975251539254,27.433518515692818,0.9926,0.0,0.9926,54.402579085230705,181.39404920061588,0.15123714717538636,0.2366975251539254,0.2073170731707317,0.7926829268292683,0.975609756097561,0.875,False
364300,6686100,55,25.116181867772884,35.150001525878906,0.2219090902444088,25.116181867772884,0.9025,0.0001,0.9025,60.94182825484765,126.81062319434885,0.19806055072594386,0.2219090902444088,0.15853658536585366,0.8414634146341463,0.8536585365853658,0.8469512195121951,False
364500,6686400,68,26.03279416701373,30.190000534057617,0.23985295435961554,26.03279416701373,0.9373,0.0515,0.9373,72.54881041288809,155.97210909708113,0.16690672657898237,0.23985295435961554,0.21951219512195122,0.7804878048780488,0.926829268292683,0.8463414634146342,False
364000,6686200,62,28.07209671697309,35.529998779296875,0.264341394106547,28.07209671697309,0.9589,0.0024,0.9589,64.65741996037126,181.39404920061588,0.15475753940486917,0.264341394106547,0.2804878048780488,0.7195121951219512,1.0,0.8457317073170731,False
364000,6686300,73,24.46863017670096,34.290000915527344,0.21952054707427002,24.46863017670096,0.9794,0.0057,0.9794,74.53542985501328,113.83679802815868,0.21494482101164156,0.21952054707427002,0.14634146341463414,0.8536585365853658,0.8170731707317073,0.8371951219512195,False
364200,6686200,62,25.748387090621456,34.689998626708984,0.24126344350396947,25.748387090621456,0.9504,0.0024,0.9504,65.23569023569023,144.70998659878356,0.1779309617518678,0.24126344350396947,0.23170731707317074,0.7682926829268293,0.8902439024390244,0.8231707317073171,False
364500,6685900,57,22.262456157751252,35.22999954223633,0.12285087858898598,22.262456157751252,0.8833,0.0062,0.8833,64.53073700894373,86.13276040597759,0.25846676749728603,0.12285087858898598,0.036585365853658534,0.9634146341463414,0.5975609756097561,0.7987804878048781,True
364100,6686200,57,26.85684210794014,35.77000045776367,0.27947368817022666,26.85684210794014,0.958,0.0021,0.958,59.49895615866389,181.39404920061588,0.1480580108680266,0.27947368817022666,0.34146341463414637,0.6585365853658536,0.9634146341463414,0.7957317073170731,False
364700,6686300,30,22.59099998474121,29.950000762939453,0.21033331553141277,22.59099998474121,0.571,0.2378,0.571,52.53940455341507,89.32705858728937,0.25290209195308433,0.21033331553141277,0.13414634146341464,0.8658536585365854,0.6829268292682927,0.7835365853658538,True
364200,6686300,62,25.66000004737608,34.79999923706055,0.27533602842720606,25.66000004737608,0.9642,0.001,0.9642,64.30201203069903,141.72618041335508,0.1810533521226407,0.27533602842720606,0.3170731707317073,0.6829268292682926,0.8780487804878049,0.7707317073170732,False
364000,6686400,76,22.8924999362544,32.72999954223633,0.2359758662550073,22.8924999362544,0.9448,0.0047,0.9448,80.4403048264183,92.46991483545659,0.24756700573359366,0.2359758662550073,0.18292682926829268,0.8170731707317074,0.7073170731707317,0.7676829268292684,True
364100,6686400,75,22.964399960835774,37.56999969482422,0.2362333387798733,22.964399960835774,0.9716,0.0026,0.9716,77.19226018937835,93.25269691873005,0.24625990153238467,0.2362333387798733,0.1951219512195122,0.8048780487804879,0.7195121951219512,0.7664634146341465,True
364300,6686200,53,25.987547316641177,32.9900016784668,0.28405661627931417,25.987547316641177,0.9424,0.0028,0.9424,56.23938879456706,153.97566362058691,0.1687769788132063,0.28405661627931417,0.36585365853658536,0.6341463414634146,0.9146341463414634,0.7603658536585367,False
364200,6686100,55,25.924909244884144,36.150001525878906,0.28845456007755166,25.924909244884144,0.9754,0.0007,0.9754,56.38712323149477,151.3537285564382,0.17128688861614016,0.28845456007755166,0.3780487804878049,0.6219512195121951,0.9024390243902439,0.7481707317073172,False
364700,6685900,53,23.684717034393888,31.75,0.2921698133127307,23.684717034393888,0.8103,0.0526,0.8103,65.40787362705171,101.94929902298054,0.2323185864088686,0.2921698133127307,0.3902439024390244,0.6097560975609756,0.7804878048780488,0.6865853658536586,False
364100,6686300,94,22.060744610238583,30.420000076293945,0.24645389183193236,22.060744610238583,0.9327,0.0101,0.9327,100.78267395732819,84.27689559595153,0.26176503600707296,0.24645389183193236,0.25609756097560976,0.7439024390243902,0.5487804878048781,0.6560975609756098,True
364400,6686000,77,19.028961045401438,31.239999771118164,0.05924243821855232,19.028961045401438,0.8454,0.0224,0.8454,91.08114502010882,62.78674810349001,0.30307288751499634,0.05924243821855232,0.024390243902439025,0.975609756097561,0.24390243902439024,0.6463414634146342,True
364100,6686000,76,22.874736873727095,32.099998474121094,0.2933333270382463,22.874736873727095,0.9742,0.0066,0.9742,78.01272839252721,92.27859224678407,0.24788779625671287,0.2933333270382463,0.4146341463414634,0.5853658536585367,0.6951219512195121,0.6347560975609756,False
364900,6685700,96,21.369270751873653,28.829999923706055,0.24947048558129203,21.369270751873653,0.907,0.0334,0.907,105.84343991179713,78.43067697188084,0.2724606184329509,0.24947048558129203,0.2682926829268293,0.7317073170731707,0.4878048780487805,0.6219512195121951,True
364500,6686000,56,23.466785788536072,35.81999969482422,0.35136905312538147,23.466785788536072,0.9553,0.0048,0.9553,58.62032869255731,99.13673419151809,0.23671130565186438,0.35136905312538147,0.5,0.5,0.7682926829268293,0.6207317073170733,False
364000,6685900,89,17.87000011058336,26.3700008392334,0.14426030469744394,17.87000011058336,0.8818,0.1062,0.8818,100.92991608074394,56.60459992349003,0.31569872651228803,0.14426030469744394,0.07317073170731707,0.926829268292683,0.13414634146341464,0.5701219512195124,True
364200,6686400,60,26.336333179473876,36.95000076293945,0.45394443935818146,26.336333179473876,0.9359,0.0345,0.9359,64.1094133988674,172.405003347271,0.1527585201597965,0.45394443935818146,0.7439024390243902,0.25609756097560976,0.9512195121951219,0.5689024390243902,False
364400,6686200,58,23.07499989969977,31.8799991607666,0.40169538732553867,23.07499989969977,0.9161,0.0083,0.9161,63.31186551686497,94.48386838831861,0.244221582935872,0.40169538732553867,0.5975609756097561,0.4024390243902439,0.7439024390243902,0.5560975609756098,False
364000,6685800,71,16.60422531315978,24.209999084472656,0.1293662002948528,16.60422531315978,0.6525,0.1203,0.6525,108.81226053639847,50.63967747635935,0.32788963399127696,0.1293662002948528,0.04878048780487805,0.9512195121951219,0.07317073170731707,0.5560975609756098,True
364400,6685800,79,24.223038009450406,32.369998931884766,0.42548524176521135,24.223038009450406,0.9935,0.0003,0.9935,79.51685958731755,109.76178097484635,0.2206873630722291,0.42548524176521135,0.6463414634146342,0.35365853658536583,0.7926829268292683,0.551219512195122,False
364300,6686300,73,22.38493147941485,32.93000030517578,0.3966894868302019,22.38493147941485,0.9751,0.0005,0.9751,74.8641165008717,87.29752917552875,0.2564211346051452,0.3966894868302019,0.573170731707317,0.426829268292683,0.6219512195121951,0.5146341463414634,False
364900,6685800,57,21.790701815956517,27.8700008392334,0.3548099534553394,21.790701815956517,0.7027,0.2651,0.7027,81.11569659883307,81.90452461537832,0.266050037141234,0.3548099534553394,0.5121951219512195,0.4878048780487805,0.524390243902439,0.5042682926829268,False
364700,6685600,62,26.210806385163337,31.31999969482422,0.5143145130526635,26.210806385163337,0.989,0.0021,0.989,62.68958543983822,164.84942619023505,0.1589984690326811,0.5143145130526635,0.8536585365853658,0.14634146341463417,0.9390243902439024,0.5030487804878049,False
364300,6685900,83,22.580120546272003,32.70000076293945,0.43621485922710007,22.580120546272003,0.9193,0.0151,0.9193,90.28608724029152,89.21761640534193,0.25309038120547694,0.43621485922710007,0.6707317073170732,0.3292682926829268,0.6707317073170732,0.4829268292682927,False
364500,6685500,89,20.48393257012528,26.1200008392334,0.34344569216953236,20.48393257012528,0.9899,0.002,0.9899,89.90807152237599,71.88511908238118,0.284953726607178,0.34344569216953236,0.47560975609756095,0.524390243902439,0.4268292682926829,0.4804878048780488,False
364600,6686000,40,20.28449991941452,34.22999954223633,0.31431251469378674,20.28449991941452,0.633,0.1194,0.633,63.191153238546605,70.52934591462584,0.287603686896068,0.31431251469378674,0.45121951219512196,0.5487804878048781,0.3780487804878049,0.4719512195121952,False
364000,6686000,86,18.321279048919678,25.290000915527344,0.26813952913580014,18.321279048919678,0.9374,0.0287,0.9374,91.74311926605505,58.91899155824931,0.3109571050754771,0.26813952913580014,0.2926829268292683,0.7073170731707317,0.18292682926829268,0.4713414634146342,True
364400,6685600,81,19.89827154889519,24.770000457763672,0.3316358038427408,19.89827154889519,0.8956,0.0941,0.8956,90.44216167932113,68.00999025063582,0.2925786560998538,0.3316358038427408,0.4634146341463415,0.5365853658536586,0.36585365853658536,0.4597560975609757,False
364500,6686100,70,21.851857130868094,34.43000030517578,0.40802381078136113,21.851857130868094,0.9258,0.0115,0.9258,75.6102829984878,82.43114157075362,0.26509225414659404,0.40802381078136113,0.6219512195121951,0.3780487804878049,0.5365853658536586,0.4493902439024391,False
364700,6685700,51,22.494117568520938,30.719999313354492,0.44178103855232786,22.494117568520938,0.8007,0.1314,0.8007,63.69426751592357,88.36160751628705,0.25456890385764835,0.44178103855232786,0.7073170731707317,0.29268292682926833,0.6341463414634146,0.4463414634146342,False
364100,6685900,102,17.93411767249014,24.260000228881836,0.2789052339161144,18.06950002670288,0.9725,0.0126,0.9725,104.88431876606684,57.614216739904485,0.3136291882310303,0.2789052339161144,0.32926829268292684,0.6707317073170731,0.17073170731707318,0.4457317073170732,True
364400,6686100,69,22.55898544753807,34.099998474121094,0.4512681131777556,22.55898544753807,0.9691,0.0013,0.9691,71.20008255082035,89.00575659364138,0.2534553528996089,0.4512681131777556,0.7317073170731707,0.2682926829268293,0.6585365853658537,0.4439024390243903,False
364700,6685800,51,19.128431394988414,28.739999771118164,0.31308824196457863,19.128431394988414,0.6727,0.1717,0.6727,75.8138843466627,63.35621161993969,0.3019188001602079,0.31308824196457863,0.4268292682926829,0.5731707317073171,0.2804878048780488,0.4414634146341464,False
364500,6685800,91,22.245714344821135,31.399999618530273,0.44163920132668466,22.245714344821135,0.9868,0.0035,0.9868,92.2172679367653,85.97582602046715,0.25874382805610247,0.44163920132668466,0.6951219512195121,0.30487804878048785,0.5853658536585366,0.4310975609756098,False
364600,6685800,65,23.02000004695012,29.799999237060547,0.4866538463494716,23.02000004695012,0.9559,0.0101,0.9559,67.99874463856052,93.8674362818401,0.24523946704831487,0.4866538463494716,0.8170731707317073,0.18292682926829273,0.7317073170731707,0.42987804878048785,False
364000,6685600,96,18.84624992807706,26.139999389648438,0.2926301947898335,18.84624992807706,0.9315,0.0304,0.9315,103.05958132045089,61.75803903066443,0.3051626998506125,0.2926301947898335,0.4024390243902439,0.5975609756097561,0.2073170731707317,0.42195121951219516,True
364200,6685500,77,17.946623461587087,25.760000228881836,0.28178572190272344,17.946623461587087,0.7399,0.2274,0.7399,104.06811731315042,56.9899079008182,0.3149087991652892,0.28178572190272344,0.35365853658536583,0.6463414634146342,0.14634146341463414,0.4213414634146342,True
364300,6686000,84,22.16857133592878,30.3799991607666,0.4428968183578007,22.16857133592878,0.9419,0.0057,0.9419,89.1814417666419,85.25958655655172,0.2600126534888205,0.4428968183578007,0.7195121951219512,0.2804878048780488,0.573170731707317,0.41219512195121955,False
364700,6685500,66,24.45030301989931,28.989999771118164,0.5426010074037494,24.45030301989931,0.9997,0.0,0.9997,66.01980594178254,113.51949933251967,0.2153841689195601,0.5426010074037494,0.9146341463414634,0.08536585365853655,0.8048780487804879,0.40914634146341466,False
364600,6685700,72,24.56319440735711,28.110000610351562,0.5679745371625932,24.56319440735711,0.9882,0.0011,0.9882,72.85974499089254,115.51092826922584,0.21264822969915634,0.5679745371625932,0.9512195121951219,0.04878048780487809,0.8292682926829268,0.4,False
364400,6686400,39,18.90230768154829,26.149999618530273,0.35854701606684136,18.90230768154829,0.4267,0.3378,0.4267,91.39910944457463,62.071320437912576,0.3045256254932663,0.35854701606684136,0.524390243902439,0.47560975609756095,0.21951219512195122,0.3603658536585366,False
364300,6685800,49,17.598163341989324,30.450000762939453,0.3141496670083935,17.598163341989324,0.514,0.0106,0.514,95.3307392996109,55.26156243939205,0.3184521494717066,0.3141496670083935,0.43902439024390244,0.5609756097560976,0.10975609756097561,0.3579268292682927,True
364000,6685500,90,19.099111080169678,27.229999542236328,0.3999814757594356,19.099111080169678,0.9162,0.0523,0.9162,98.23182711198429,63.18764880871005,0.30226019546935534,0.3999814757594356,0.5853658536585366,0.41463414634146345,0.2682926829268293,0.3487804878048781,False
364800,6685700,72,23.461944381395977,27.420000076293945,0.5890625025387163,23.461944381395977,0.9065,0.0284,0.9065,79.42636514065086,99.07620634953052,0.23680705232722257,0.5890625025387163,0.9878048780487805,0.012195121951219523,0.7560975609756098,0.34695121951219515,False
364800,6685800,67,19.368208920777732,29.579999923706055,0.41498755135420545,19.368208920777732,0.8411,0.0616,0.8411,79.65759124955416,64.75747956435322,0.2990883686498396,0.41498755135420545,0.6341463414634146,0.36585365853658536,0.3170731707317073,0.34390243902439027,False
364800,6685600,91,22.319889990838018,27.940000534057617,0.53563185663887,22.319889990838018,0.9311,0.0118,0.9311,97.73386317259155,86.67526982588119,0.25751162973793607,0.53563185663887,0.9024390243902439,0.09756097560975607,0.6097560975609756,0.3280487804878049,False
364900,6685500,97,22.512989693081256,28.049999237060547,0.5561769746013523,22.512989693081256,0.9874,0.0027,0.9874,98.23779623252987,88.54807263665595,0.2542459595417736,0.5561769746013523,0.9390243902439024,0.060975609756097615,0.6463414634146342,0.3243902439024391,False
364100,6685700,107,18.924112141689406,23.770000457763672,0.4363006182548785,19.383399991989137,0.939,0.0274,0.939,113.95101171459,64.8476587491651,0.2989067048197587,0.4363006182548785,0.6829268292682927,0.31707317073170727,0.32926829268292684,0.3225609756097561,False
364600,6685500,85,20.978941165699677,25.34000015258789,0.4798039197921753,20.978941165699677,0.9912,0.0048,0.9912,85.75464083938661,75.43071947605257,0.2781219814873963,0.4798039197921753,0.7926829268292683,0.20731707317073167,0.4634146341463415,0.3225609756097561,False
364200,6686000,95,18.934210506238436,25.6299991607666,0.40774561496157397,18.934210506238436,0.9741,0.0117,0.9741,97.52592136330972,62.25052748588109,0.30416144683324753,0.40774561496157397,0.6097560975609756,0.3902439024390244,0.23170731707317074,0.3189024390243903,False
364900,6685600,98,21.716020389479034,29.920000076293945,0.5205612255602466,21.716020389479034,0.9359,0.023,0.9359,104.71204188481676,81.26951128077151,0.26720992961867457,0.5205612255602466,0.8658536585365854,0.13414634146341464,0.5121951219512195,0.3042682926829269,False
364500,6685700,94,20.758723502463482,24.420000076293945,0.48973404732367676,20.758723502463482,0.9894,0.0048,0.9894,95.00707499494644,73.81998561334035,0.28120736315494593,0.48973404732367676,0.8292682926829268,0.1707317073170732,0.45121951219512196,0.29695121951219516,False
364200,6685700,100,20.33920009613037,24.899999618530273,0.46537500540415444,20.33920009613037,0.9521,0.0156,0.9521,105.0309841403214,70.89732093042602,0.2868824918799108,0.46537500540415444,0.7804878048780488,0.2195121951219512,0.3902439024390244,0.2963414634146342,False
364100,6685500,107,17.112429939697837,24.700000762939453,0.3602647974483692,17.410300035476684,0.9391,0.0237,0.9391,113.93887764881269,54.354369612163964,0.32031095493710654,0.3602647974483692,0.5365853658536586,0.46341463414634143,0.08536585365853659,0.2932926829268293,False
364500,6685600,111,18.752973023835604,23.3799991607666,0.454887394432549,19.154900074005127,0.9923,0.0017,0.9923,111.86133225838961,63.50889216708855,0.3016097340134606,0.454887394432549,0.7560975609756098,0.24390243902439024,0.2926829268292683,0.2658536585365854,False
364400,6685700,101,20.641584131977346,25.209999084472656,0.5320957057153431,20.685899982452394,0.9758,0.0027,0.9758,103.50481656077065,73.29935902720204,0.28221119880155665,0.5320957057153431,0.8780487804878049,0.12195121951219512,0.43902439024390244,0.2646341463414634,False
364200,6685800,93,19.325268796695177,24.559999465942383,0.4555286722371228,19.325268796695177,0.918,0.0339,0.918,101.30718954248366,64.50349212636856,0.29960034968083765,0.4555286722371228,0.7682926829268293,0.23170731707317072,0.3048780487804878,0.2646341463414634,False
364600,6685600,90,21.225111134847005,26.440000534057617,0.5532870389797069,21.225111134847005,0.9919,0.0022,0.9919,90.73495312027423,77.29995860060671,0.27458114492030805,0.5532870389797069,0.926829268292683,0.07317073170731703,0.47560975609756095,0.25426829268292683,False
364100,6685600,104,17.31826911522792,23.84000015258789,0.43330127497514087,17.602699880599975,0.9575,0.0168,0.9575,108.61618798955614,55.283677165676764,0.31840682065788356,0.43330127497514087,0.6585365853658537,0.3414634146341463,0.12195121951219512,0.2426829268292683,False
364800,6685500,93,21.6435483911986,27.860000610351562,0.57574372821384,21.6435483911986,0.9624,0.0116,0.9624,96.63341645885286,80.66155481715492,0.2683254549241034,0.57574372821384,0.975609756097561,0.024390243902439046,0.5,0.23841463414634148,False
364300,6686400,59,19.572711726366464,29.579999923706055,0.5321468869171574,19.572711726366464,0.6592,0.1505,0.6592,89.50242718446601,65.98605131173245,0.2966189268380482,0.5321468869171574,0.8902439024390244,0.1097560975609756,0.35365853658536583,0.21951219512195122,False
364100,6685800,95,17.972842161278976,24.040000915527344,0.4831491273746156,17.972842161278976,0.9563,0.0104,0.9563,99.34121091707622,57.122451319764494,0.314637095328231,0.4831491273746156,0.8048780487804879,0.19512195121951215,0.15853658536585366,0.17865853658536585,False
364200,6685900,94,18.458936234737966,26.56999969482422,0.4967464584830805,18.458936234737966,0.9692,0.0098,0.9692,96.98720594304582,59.64746450867327,0.30946724033934203,0.4967464584830805,0.8414634146341463,0.1585365853658537,0.1951219512195122,0.17500000000000004,False
364300,6685700,107,19.196168257811358,23.209999084472656,0.5686215004909818,19.545100021362305,0.9004,0.0145,0.9004,118.83607285650822,65.81830536185518,0.2969553821525404,0.5686215004909818,0.9634146341463414,0.03658536585365857,0.34146341463414637,0.1737804878048781,False
364000,6685700,91,14.145604364164583,24.100000381469727,0.16533882321018875,14.145604364164583,0.7401,0.0667,0.7401,122.9563572490204,40.7389839863862,0.34722526140788484,0.16533882321018875,0.08536585365853659,0.9146341463414634,0.04878048780487805,0.0,True
364000,6686100,108,15.409814812518933,29.280000686645508,0.20199073832712056,15.95760000228882,0.903,0.052,0.903,119.60132890365448,47.84633039915869,0.33351774042360854,0.20199073832712056,0.12195121951219512,0.8780487804878049,0.06097560975609756,0.0,True
364400,6686300,43,10.277209348456804,27.860000610351562,0.6478294590524174,10.277209348456804,0.4525,0.2556,0.4525,95.02762430939227,28.072018952725042,0.36610153925032035,0.6478294590524174,1.0,0.0,0.012195121951219513,0.0,False
364400,6685500,22,20.42863637750799,30.6299991607666,0.17848485166376288,20.42863637750799,0.2807,0.7159,0.2807,78.37548984681155,71.50526032150222,0.2856941753048192,0.17848485166376288,0.10975609756097561,0.8902439024390244,0.4146341463414634,0.0,True
364200,6685600,37,20.42108102746912,23.799999237060547,0.27362612346271137,20.42108102746912,0.3815,0.6165,0.3815,96.98558322411533,71.4535970715991,0.2857950035322428,0.27362612346271137,0.3048780487804878,0.6951219512195121,0.4024390243902439,0.0,True
364700,6686000,34,12.04999992426704,20.68000030517578,0.3742892070782973,12.04999992426704,0.3621,0.1861,0.3621,93.89671361502349,33.53821755159122,0.35929160235575275,0.3742892070782973,0.5609756097560976,0.4390243902439024,0.024390243902439025,0.0,False
364700,6686400,25,17.491200008392333,30.200000762939453,0.24556667329122622,17.491200008392333,0.4005,0.569,0.4005,62.421972534332085,54.74299280711761,0.31951486594861783,0.24556667329122622,0.24390243902439024,0.7560975609756098,0.0975609756097561,0.0,True
364700,6686200,34,13.24441177704755,26.200000762939453,0.34377450878987564,13.24441177704755,0.4818,0.133,0.4818,70.56870070568701,37.52803727628203,0.35292044930412886,0.34377450878987564,0.4878048780487805,0.5121951219512195,0.036585365853658534,0.0,True
364800,6685900,26,19.077307664431057,27.010000228881836,0.3665064038374485,19.077307664431057,0.299,0.6791,0.299,86.95652173913044,63.062684519481685,0.3025134088374812,0.3665064038374485,0.5487804878048781,0.4512195121951219,0.25609756097560976,0.0,False
364900,6686400,43,22.118139533109442,27.59000015258789,0.2294767466626426,22.118139533109442,0.5363,0.4335,0.5363,80.17900428864442,84.7973423440507,0.26083529178743453,0.2294767466626426,0.17073170731707318,0.8292682926829268,0.5609756097560976,0.0,True
